tip.label,NUM_FOUND,AAC(6')-Ie-APH(2'')-Ia,ANT(4')-Ib,ANT(9)-Ia,APH(3')-IIIa,Enterococcus_faecalis_chloramphenicol_acetyltransferase,ErmA,ErmB,ErmC,ErmT,FosB1,FosB4,FosB6,MecC-type_methicillin_resistance_repressor_MecI,PC1_beta-lactamase_(blaZ),SAT-4,Staphylococcus_aureus_FosB,Staphylococcus_aureus_LmrS,Staphylococcus_aureus_norA,Staphylococcus_intermedius_chloramphenicol_acetyltransferase,aad(6),arlR,arlS,dfrC,dfrG,dfrK,fexA,fusB,fusC,lnuA,mecA,mecC,mecC-type_BlaZ,mecI,mecR1,mepA,mepR,mgrA,mphC,msrA,mupA,qacA,spd,tet(38),tet(K),tet(L),tetM,vgaALC,vgaE
0864N0016,9,no,no,no,no,no,no,no,no,no,no,no,no,no,no,no,no,yes,yes,no,no,yes,yes,no,no,no,no,no,no,no,no,no,yes,no,no,yes,yes,yes,no,no,no,no,no,yes,no,no,no,no,no
0864N0017,9,no,no,no,no,no,no,no,no,no,no,no,no,no,no,no,no,yes,yes,no,no,yes,yes,no,no,no,no,no,no,no,no,no,yes,no,no,yes,yes,yes,no,no,no,no,no,yes,no,no,no,no,no
0864N0018,9,no,no,no,no,no,no,no,no,no,no,no,no,no,no,no,no,yes,yes,no,no,yes,yes,no,no,no,no,no,no,no,no,no,yes,no,no,yes,yes,yes,no,no,no,no,no,yes,no,no,no,no,no
0864N0020,9,no,no,no,no,no,no,no,no,no,no,no,no,no,no,no,no,yes,yes,no,no,yes,yes,no,no,no,no,no,no,no,no,no,yes,no,no,yes,yes,yes,no,no,no,no,no,yes,no,no,no,no,no
0864N0021,10,no,no,no,no,no,no,no,no,no,no,no,no,no,no,no,yes,yes,yes,no,no,yes,yes,no,no,no,no,no,no,no,no,no,yes,no,no,yes,yes,yes,no,no,no,no,no,yes,no,no,no,no,no
0864N0023,10,no,no,no,no,no,no,no,no,no,no,no,no,no,no,no,no,yes,yes,no,no,yes,yes,no,no,no,no,no,no,no,no,no,yes,no,no,yes,yes,yes,no,no,no,no,no,yes,yes,no,no,no,no
0864N0024,9,no,no,no,no,no,no,no,no,no,no,no,no,no,no,no,no,yes,yes,no,no,yes,yes,no,no,no,no,no,no,no,no,no,yes,no,no,yes,yes,yes,no,no,no,no,no,yes,no,no,no,no,no
0864N0025,9,no,no,no,no,no,no,no,no,no,no,no,no,no,no,no,no,yes,yes,no,no,yes,yes,no,no,no,no,no,no,no,no,no,yes,no,no,yes,yes,yes,no,no,no,no,no,yes,no,no,no,no,no
0864N0026,9,no,no,no,no,no,no,no,no,no,no,no,no,no,no,no,no,yes,yes,no,no,yes,yes,no,no,no,no,no,no,no,no,no,yes,no,no,yes,yes,yes,no,no,no,no,no,yes,no,no,no,no,no
0864N0027,9,no,no,no,no,no,no,no,no,no,no,no,no,no,no,no,no,yes,yes,no,no,yes,yes,no,no,no,no,no,no,no,no,no,yes,no,no,yes,yes,yes,no,no,no,no,no,yes,no,no,no,no,no
0864N0037,13,yes,no,no,no,no,no,yes,no,no,no,no,no,no,yes,no,no,yes,yes,no,no,yes,yes,no,no,no,no,no,no,no,no,no,yes,no,no,yes,yes,yes,no,no,no,no,no,yes,yes,no,no,no,no
0864N0038,9,no,no,no,no,no,no,no,no,no,no,no,no,no,no,no,no,yes,yes,no,no,yes,yes,no,no,no,no,no,no,no,no,no,yes,no,no,yes,yes,yes,no,no,no,no,no,yes,no,no,no,no,no
0864N0047,12,no,no,no,no,no,no,no,yes,no,no,no,no,no,no,no,yes,yes,yes,no,no,yes,yes,no,no,yes,no,no,no,no,no,no,yes,no,no,yes,yes,yes,no,no,no,no,no,yes,no,no,no,no,no
0864N0048,12,no,no,no,no,no,no,no,yes,no,no,no,no,no,no,no,yes,yes,yes,no,no,yes,yes,no,no,yes,no,no,no,no,no,no,yes,no,no,yes,yes,yes,no,no,no,no,no,yes,no,no,no,no,no
0864N0049,12,no,no,no,no,no,no,no,yes,no,no,no,no,no,no,no,yes,yes,yes,no,no,yes,yes,no,no,yes,no,no,no,no,no,no,yes,no,no,yes,yes,yes,no,no,no,no,no,yes,no,no,no,no,no
0864N0050,12,no,no,no,no,no,no,no,yes,no,no,no,no,no,no,no,yes,yes,yes,no,no,yes,yes,no,no,yes,no,no,no,no,no,no,yes,no,no,yes,yes,yes,no,no,no,no,no,yes,no,no,no,no,no
0864N0051,12,no,no,no,no,no,no,no,yes,no,no,no,no,no,no,no,yes,yes,yes,no,no,yes,yes,no,no,yes,no,no,no,no,no,no,yes,no,no,yes,yes,yes,no,no,no,no,no,yes,no,no,no,no,no
0864N0092,10,no,no,no,no,no,no,no,no,no,no,no,no,no,no,no,yes,yes,yes,no,no,yes,yes,no,no,no,no,no,no,no,no,no,yes,no,no,yes,yes,yes,no,no,no,no,no,yes,no,no,no,no,no
0864N0094,9,no,no,no,no,no,no,no,no,no,no,no,no,no,no,no,no,yes,yes,no,no,yes,yes,no,no,no,no,no,no,no,no,no,yes,no,no,yes,yes,yes,no,no,no,no,no,yes,no,no,no,no,no
1167N0019,10,no,no,no,no,no,no,no,no,no,no,no,no,no,no,no,yes,yes,yes,no,no,yes,yes,no,no,no,no,no,no,no,no,no,yes,no,no,yes,yes,yes,no,no,no,no,no,yes,no,no,no,no,no
1167N0020,11,no,no,no,no,no,no,no,no,no,no,no,no,no,yes,no,yes,yes,yes,no,no,yes,yes,no,no,no,no,no,no,no,no,no,yes,no,no,yes,yes,yes,no,no,no,no,no,yes,no,no,no,no,no
1167N0022,10,no,no,no,no,no,no,no,no,no,no,no,no,no,no,no,yes,yes,yes,no,no,yes,yes,no,no,no,no,no,no,no,no,no,yes,no,no,yes,yes,yes,no,no,no,no,no,yes,no,no,no,no,no
1167N0023,10,no,no,no,no,no,no,no,no,no,no,no,no,no,no,no,yes,yes,yes,no,no,yes,yes,no,no,no,no,no,no,no,no,no,yes,no,no,yes,yes,yes,no,no,no,no,no,yes,no,no,no,no,no
1167N0024,10,no,no,no,no,no,no,no,no,no,no,no,no,no,no,no,yes,yes,yes,no,no,yes,yes,no,no,no,no,no,no,no,no,no,yes,no,no,yes,yes,yes,no,no,no,no,no,yes,no,no,no,no,no
1167N0025,10,no,no,no,no,no,no,no,no,no,no,no,no,no,no,no,yes,yes,yes,no,no,yes,yes,no,no,no,no,no,no,no,no,no,yes,no,no,yes,yes,yes,no,no,no,no,no,yes,no,no,no,no,no
1167N0026,10,no,no,no,no,no,no,no,no,no,no,no,no,no,no,no,yes,yes,yes,no,no,yes,yes,no,no,no,no,no,no,no,no,no,yes,no,no,yes,yes,yes,no,no,no,no,no,yes,no,no,no,no,no
527_01,2,no,no,no,no,no,no,no,no,no,no,no,no,no,no,no,no,no,yes,no,no,no,no,no,no,no,no,no,no,no,no,no,no,no,no,no,no,yes,no,no,no,no,no,no,no,no,no,no,no
527_04,7,no,no,no,no,no,no,no,no,no,no,no,no,no,no,no,no,yes,yes,no,no,yes,no,no,no,no,no,no,no,no,no,no,yes,no,no,no,yes,yes,no,no,no,no,no,yes,no,no,no,no,no
527_05,5,no,no,no,no,no,no,no,no,no,no,no,no,no,no,no,no,yes,no,no,no,no,yes,no,no,no,no,no,no,no,no,no,yes,no,no,no,yes,no,no,no,no,no,no,yes,no,no,no,no,no
527_08,10,no,no,no,no,no,no,no,no,no,no,no,no,no,yes,no,no,yes,yes,no,no,no,yes,no,no,no,no,no,no,no,yes,no,yes,no,no,yes,yes,yes,no,no,no,no,no,yes,no,no,no,no,no
527_09,5,no,no,no,no,no,no,no,yes,no,no,no,no,no,yes,no,no,no,no,no,no,no,no,no,no,no,no,no,no,no,no,no,no,no,no,no,no,yes,no,no,no,yes,no,yes,no,no,no,no,no
527_11_s_1,1,no,no,no,no,no,no,no,no,no,no,no,no,no,no,no,no,no,no,no,no,no,no,no,no,no,no,no,no,no,no,no,no,no,no,no,yes,no,no,no,no,no,no,no,no,no,no,no,no
612_106,11,no,no,no,no,no,no,no,no,no,no,no,no,no,yes,no,no,yes,yes,no,no,yes,yes,no,no,no,no,no,no,no,yes,no,yes,no,no,yes,yes,yes,no,no,no,no,no,yes,no,no,no,no,no
612_111,19,yes,no,yes,no,no,yes,no,no,no,no,no,no,no,yes,no,yes,yes,yes,no,no,yes,yes,no,no,no,no,no,no,no,yes,no,yes,yes,yes,yes,yes,yes,no,no,no,yes,no,yes,no,no,yes,no,no
612_112,12,yes,no,no,no,no,no,no,no,no,no,no,no,no,yes,no,no,yes,yes,no,no,yes,yes,yes,no,no,no,no,no,no,no,no,yes,no,no,yes,yes,yes,no,no,no,no,no,yes,no,no,no,no,no
612_113,12,yes,no,no,no,no,no,no,no,no,no,no,no,no,yes,no,no,yes,yes,no,no,yes,yes,yes,no,no,no,no,no,no,no,no,yes,no,no,yes,yes,yes,no,no,no,no,no,yes,no,no,no,no,no
612_114,12,yes,no,no,no,no,no,no,no,no,no,no,no,no,yes,no,no,yes,yes,no,no,yes,yes,yes,no,no,no,no,no,no,no,no,yes,no,no,yes,yes,yes,no,no,no,no,no,yes,no,no,no,no,no
612_115,14,no,no,yes,no,no,yes,no,no,no,no,no,no,no,yes,no,no,yes,yes,no,no,yes,yes,no,no,no,no,no,no,no,yes,no,yes,no,no,yes,yes,yes,no,no,no,no,no,yes,no,no,yes,no,no
612_33,10,no,no,no,no,no,no,no,no,no,no,no,no,no,no,no,yes,yes,yes,no,no,yes,yes,no,no,no,no,no,no,no,no,no,yes,no,no,yes,yes,yes,no,no,no,no,no,yes,no,no,no,no,no
612_34,10,no,no,no,no,no,no,no,no,no,no,no,no,no,no,no,yes,yes,yes,no,no,yes,yes,no,no,no,no,no,no,no,no,no,yes,no,no,yes,yes,yes,no,no,no,no,no,yes,no,no,no,no,no
612_35,10,no,no,no,no,no,no,no,no,no,no,no,no,no,no,no,yes,yes,yes,no,no,yes,yes,no,no,no,no,no,no,no,no,no,yes,no,no,yes,yes,yes,no,no,no,no,no,yes,no,no,no,no,no
612_36,10,no,no,no,no,no,no,no,no,no,no,no,no,no,no,no,yes,yes,yes,no,no,yes,yes,no,no,no,no,no,no,no,no,no,yes,no,no,yes,yes,yes,no,no,no,no,no,yes,no,no,no,no,no
612_37,10,no,no,no,no,no,no,no,no,no,no,no,no,no,no,no,yes,yes,yes,no,no,yes,yes,no,no,no,no,no,no,no,no,no,yes,no,no,yes,yes,yes,no,no,no,no,no,yes,no,no,no,no,no
612_38,10,no,no,no,no,no,no,no,no,no,no,no,no,no,no,no,yes,yes,yes,no,no,yes,yes,no,no,no,no,no,no,no,no,no,yes,no,no,yes,yes,yes,no,no,no,no,no,yes,no,no,no,no,no
612_39,9,no,no,no,no,no,no,no,no,no,no,no,no,no,no,no,no,yes,yes,no,no,yes,yes,no,no,no,no,no,no,no,no,no,yes,no,no,yes,yes,yes,no,no,no,no,no,yes,no,no,no,no,no
612_40,11,no,no,no,no,no,no,no,no,no,no,no,no,no,yes,no,yes,yes,yes,no,no,yes,yes,no,no,no,no,no,no,no,no,no,yes,no,no,yes,yes,yes,no,no,no,no,no,yes,no,no,no,no,no
612_41,10,no,no,no,no,no,no,no,no,no,no,no,no,no,no,no,yes,yes,yes,no,no,yes,yes,no,no,no,no,no,no,no,no,no,yes,no,no,yes,yes,yes,no,no,no,no,no,yes,no,no,no,no,no
612_43,12,no,no,no,no,no,no,no,yes,no,no,no,no,no,no,no,yes,yes,yes,no,no,yes,yes,no,no,no,no,no,no,no,no,no,yes,no,no,yes,yes,yes,no,no,no,no,no,yes,yes,no,no,no,no
612_44,10,no,no,no,no,no,no,no,no,no,no,no,no,no,no,no,yes,yes,yes,no,no,yes,yes,no,no,no,no,no,no,no,no,no,yes,no,no,yes,yes,yes,no,no,no,no,no,yes,no,no,no,no,no
612_45,13,no,no,no,no,no,no,no,no,no,no,no,no,no,yes,no,yes,yes,yes,no,no,yes,yes,no,no,no,no,no,no,no,no,no,yes,no,no,yes,yes,yes,no,no,no,no,no,yes,yes,yes,no,no,no
612_46,10,no,no,no,no,no,no,no,no,no,no,no,no,no,no,no,yes,yes,yes,no,no,yes,yes,no,no,no,no,no,no,no,no,no,yes,no,no,yes,yes,yes,no,no,no,no,no,yes,no,no,no,no,no
612_48,10,no,no,no,no,no,no,no,no,no,no,no,no,no,no,no,yes,yes,yes,no,no,yes,yes,no,no,no,no,no,no,no,no,no,yes,no,no,yes,yes,yes,no,no,no,no,no,yes,no,no,no,no,no
612_49,12,no,no,yes,no,no,yes,no,no,no,no,no,no,no,no,no,yes,yes,yes,no,no,yes,yes,no,no,no,no,no,no,no,no,no,yes,no,no,yes,yes,yes,no,no,no,no,no,yes,no,no,no,no,no
612_50,11,no,no,no,no,no,no,no,no,no,no,no,no,no,yes,no,yes,yes,yes,no,no,yes,yes,no,no,no,no,no,no,no,no,no,yes,no,no,yes,yes,yes,no,no,no,no,no,yes,no,no,no,no,no
612_51,10,no,no,no,no,no,no,no,no,no,no,no,no,no,no,no,yes,yes,yes,no,no,yes,yes,no,no,no,no,no,no,no,no,no,yes,no,no,yes,yes,yes,no,no,no,no,no,yes,no,no,no,no,no
612_52,10,no,no,no,no,no,no,no,no,no,no,no,no,no,no,no,yes,yes,yes,no,no,yes,yes,no,no,no,no,no,no,no,no,no,yes,no,no,yes,yes,yes,no,no,no,no,no,yes,no,no,no,no,no
612_53,13,no,no,no,no,no,no,no,no,no,no,no,no,no,yes,no,yes,yes,yes,no,yes,yes,yes,no,no,no,no,no,no,no,no,no,yes,no,no,yes,yes,yes,no,no,no,no,no,yes,yes,no,no,no,no
612_54,10,no,no,no,no,no,no,no,no,no,no,no,no,no,no,no,yes,yes,yes,no,no,yes,yes,no,no,no,no,no,no,no,no,no,yes,no,no,yes,yes,yes,no,no,no,no,no,yes,no,no,no,no,no
612_55,11,no,no,no,no,no,no,no,no,no,no,no,no,yes,no,no,no,yes,yes,no,no,yes,yes,no,no,no,no,no,no,no,no,yes,yes,no,no,yes,yes,yes,no,no,no,no,no,yes,no,no,no,no,no
612_56,11,no,no,no,no,no,no,no,no,no,no,no,no,yes,no,no,no,yes,yes,no,no,yes,yes,no,no,no,no,no,no,no,no,yes,yes,no,no,yes,yes,yes,no,no,no,no,no,yes,no,no,no,no,no
612_57,10,no,no,no,no,no,no,no,no,no,no,no,no,no,no,no,yes,yes,yes,no,no,yes,yes,no,no,no,no,no,no,no,no,no,yes,no,no,yes,yes,yes,no,no,no,no,no,yes,no,no,no,no,no
612_58,10,no,no,no,no,no,no,no,no,no,no,no,no,no,no,no,yes,yes,yes,no,no,yes,yes,no,no,no,no,no,no,no,no,no,yes,no,no,yes,yes,yes,no,no,no,no,no,yes,no,no,no,no,no
612_59,11,no,no,no,no,no,no,no,no,no,no,no,no,no,yes,no,yes,yes,yes,no,no,yes,yes,no,no,no,no,no,no,no,no,no,yes,no,no,yes,yes,yes,no,no,no,no,no,yes,no,no,no,no,no
612_60,10,no,no,no,no,no,no,no,no,no,no,no,no,no,no,no,yes,yes,yes,no,no,yes,yes,no,no,no,no,no,no,no,no,no,yes,no,no,yes,yes,yes,no,no,no,no,no,yes,no,no,no,no,no
612_61,11,no,no,no,no,no,no,no,no,no,no,no,no,no,no,no,yes,yes,yes,no,no,yes,yes,no,no,no,no,no,no,no,no,no,yes,no,no,yes,yes,yes,no,no,no,no,no,yes,yes,no,no,no,no
612_62,11,no,no,no,no,no,no,no,no,no,no,no,no,no,no,no,yes,yes,yes,no,no,yes,yes,no,yes,no,no,no,no,no,no,no,yes,no,no,yes,yes,yes,no,no,no,no,no,yes,no,no,no,no,no
612_63,10,no,no,no,no,no,no,no,no,no,no,no,no,no,no,no,yes,yes,yes,no,no,yes,yes,no,no,no,no,no,no,no,no,no,yes,no,no,yes,yes,yes,no,no,no,no,no,yes,no,no,no,no,no
612_64,10,no,no,no,no,no,no,no,no,no,no,no,no,no,no,no,yes,yes,yes,no,no,yes,yes,no,no,no,no,no,no,no,no,no,yes,no,no,yes,yes,yes,no,no,no,no,no,yes,no,no,no,no,no
612_65,10,no,no,no,no,no,no,no,no,no,no,no,no,no,no,no,yes,yes,yes,no,no,yes,yes,no,no,no,no,no,no,no,no,no,yes,no,no,yes,yes,yes,no,no,no,no,no,yes,no,no,no,no,no
612_78,10,no,no,no,no,no,no,no,no,no,no,no,no,no,no,no,no,yes,yes,no,no,yes,yes,no,no,no,no,no,no,no,no,no,yes,no,no,yes,yes,yes,no,no,no,no,no,yes,yes,no,no,no,no
803_78,10,no,no,no,no,no,no,no,no,no,no,no,no,no,yes,no,no,yes,yes,no,no,yes,yes,no,no,no,no,no,no,no,no,no,yes,no,no,yes,yes,yes,no,no,no,no,no,yes,no,no,no,no,no
803_87,9,no,no,no,no,no,no,no,no,no,no,no,no,no,no,no,no,yes,yes,no,no,yes,yes,no,no,no,no,no,no,no,no,no,yes,no,no,yes,yes,yes,no,no,no,no,no,yes,no,no,no,no,no
803_88,10,no,no,no,no,no,no,no,no,no,no,no,no,no,yes,no,no,yes,yes,no,no,yes,yes,no,no,no,no,no,no,no,no,no,yes,no,no,yes,yes,yes,no,no,no,no,no,yes,no,no,no,no,no
803_97,12,no,no,no,no,no,no,no,no,no,no,no,no,no,yes,no,no,yes,yes,no,no,yes,yes,no,no,no,no,no,no,no,yes,no,yes,no,no,yes,yes,yes,no,no,no,yes,no,yes,no,no,no,no,no
803_98,12,no,no,no,no,no,no,no,no,no,no,no,no,no,yes,no,no,yes,yes,no,no,yes,yes,no,no,no,no,no,no,no,yes,no,yes,no,no,yes,yes,yes,no,no,no,yes,no,yes,no,no,no,no,no
973N0001,9,no,no,no,no,no,no,no,no,no,no,no,no,no,no,no,no,yes,yes,no,no,yes,yes,no,no,no,no,no,no,no,no,no,yes,no,no,yes,yes,yes,no,no,no,no,no,yes,no,no,no,no,no
973N0002,14,yes,no,no,no,no,no,no,no,no,no,no,no,no,no,no,yes,yes,yes,no,no,yes,yes,yes,no,no,no,no,no,no,yes,no,yes,no,no,yes,yes,yes,no,no,no,no,no,yes,no,no,yes,no,no
973N0003,9,no,no,no,no,no,no,no,no,no,no,no,no,no,no,no,no,yes,yes,no,no,yes,yes,no,no,no,no,no,no,no,no,no,yes,no,no,yes,yes,yes,no,no,no,no,no,yes,no,no,no,no,no
973N0004,9,no,no,no,no,no,no,no,no,no,no,no,no,no,no,no,no,yes,yes,no,no,yes,yes,no,no,no,no,no,no,no,no,no,yes,no,no,yes,yes,yes,no,no,no,no,no,yes,no,no,no,no,no
973N0005,11,no,no,no,no,no,no,no,no,no,no,no,no,yes,no,no,no,yes,yes,no,no,yes,yes,no,no,no,no,no,no,no,no,yes,yes,no,no,yes,yes,yes,no,no,no,no,no,yes,no,no,no,no,no
973N0006,11,no,no,no,no,no,no,no,no,no,no,no,no,no,yes,no,yes,yes,yes,no,no,yes,yes,no,no,no,no,no,no,no,no,no,yes,no,no,yes,yes,yes,no,no,no,no,no,yes,no,no,no,no,no
973N0007,11,no,no,no,no,no,no,no,no,no,no,no,no,no,yes,no,yes,yes,yes,no,no,yes,yes,no,no,no,no,no,no,no,no,no,yes,no,no,yes,yes,yes,no,no,no,no,no,yes,no,no,no,no,no
973N0008,9,no,no,no,no,no,no,no,no,no,no,no,no,no,no,no,no,yes,yes,no,no,yes,yes,no,no,no,no,no,no,no,no,no,yes,no,no,yes,yes,yes,no,no,no,no,no,yes,no,no,no,no,no
973N0009,10,no,no,no,no,no,no,no,no,no,no,no,no,no,no,no,yes,yes,yes,no,no,yes,yes,no,no,no,no,no,no,no,no,no,yes,no,no,yes,yes,yes,no,no,no,no,no,yes,no,no,no,no,no
973N0010,10,no,no,no,no,no,no,no,no,no,no,no,no,no,no,no,yes,yes,yes,no,no,yes,yes,no,no,no,no,no,no,no,no,no,yes,no,no,yes,yes,yes,no,no,no,no,no,yes,no,no,no,no,no
973N0011,9,no,no,no,no,no,no,no,no,no,no,no,no,no,no,no,no,yes,yes,no,no,yes,yes,no,no,no,no,no,no,no,no,no,yes,no,no,yes,yes,yes,no,no,no,no,no,yes,no,no,no,no,no
973N0012,9,no,no,no,no,no,no,no,no,no,no,no,no,no,no,no,no,yes,yes,no,no,yes,yes,no,no,no,no,no,no,no,no,no,yes,no,no,yes,yes,yes,no,no,no,no,no,yes,no,no,no,no,no
973N0013,14,no,no,no,no,no,no,no,no,no,no,no,no,no,yes,no,no,yes,yes,no,no,yes,yes,no,no,no,no,no,no,no,yes,no,yes,no,no,yes,yes,yes,no,no,no,no,no,yes,yes,no,yes,yes,no
973N0014,12,yes,no,no,no,no,no,no,no,no,no,no,no,no,yes,no,no,yes,yes,no,no,yes,yes,yes,no,no,no,no,no,no,no,no,yes,no,no,yes,yes,yes,no,no,no,no,no,yes,no,no,no,no,no
973N0015,12,yes,no,no,no,no,no,no,no,no,no,no,no,no,yes,no,no,yes,yes,no,no,yes,yes,yes,no,no,no,no,no,no,no,no,yes,no,no,yes,yes,yes,no,no,no,no,no,yes,no,no,no,no,no
973N0016,11,no,no,no,no,no,no,no,no,no,no,no,no,no,yes,no,yes,yes,yes,no,no,yes,yes,no,no,no,no,no,no,no,no,no,yes,no,no,yes,yes,yes,no,no,no,no,no,yes,no,no,no,no,no
973N0017,11,no,no,no,no,no,no,no,no,no,no,no,no,no,yes,no,no,yes,yes,no,no,yes,yes,no,no,no,no,no,no,no,no,no,yes,no,no,yes,yes,yes,no,no,no,no,no,yes,no,no,yes,no,no
973N0018,15,no,no,no,no,no,no,no,yes,no,no,no,no,no,yes,no,no,yes,yes,no,no,yes,yes,no,no,no,no,no,no,no,yes,no,yes,no,no,yes,yes,yes,no,no,no,no,no,yes,yes,no,yes,yes,no
973N0019,9,no,no,no,no,no,no,no,no,no,no,no,no,no,no,no,no,yes,yes,no,no,yes,yes,no,no,no,no,no,no,no,no,no,yes,no,no,yes,yes,yes,no,no,no,no,no,yes,no,no,no,no,no
973N0020,9,no,no,no,no,no,no,no,no,no,no,no,no,no,no,no,no,yes,yes,no,no,yes,yes,no,no,no,no,no,no,no,no,no,yes,no,no,yes,yes,yes,no,no,no,no,no,yes,no,no,no,no,no
973N0021,10,no,no,no,no,no,no,no,no,no,no,no,no,no,yes,no,no,yes,yes,no,no,yes,yes,no,no,no,no,no,no,no,no,no,yes,no,no,yes,yes,yes,no,no,no,no,no,yes,no,no,no,no,no
973N0022,10,no,no,no,no,no,no,no,no,no,no,no,no,no,no,no,yes,yes,yes,no,no,yes,yes,no,no,no,no,no,no,no,no,no,yes,no,no,yes,yes,yes,no,no,no,no,no,yes,no,no,no,no,no
973N0023,11,no,no,no,no,no,no,no,no,no,no,no,no,no,yes,no,yes,yes,yes,no,no,yes,yes,no,no,no,no,no,no,no,no,no,yes,no,no,yes,yes,yes,no,no,no,no,no,yes,no,no,no,no,no
973N0024,11,no,no,no,no,no,no,no,no,no,no,no,no,no,yes,no,yes,yes,yes,no,no,yes,yes,no,no,no,no,no,no,no,no,no,yes,no,no,yes,yes,yes,no,no,no,no,no,yes,no,no,no,no,no
973N0025,11,no,no,no,no,no,no,no,no,no,no,no,no,no,yes,no,yes,yes,yes,no,no,yes,yes,no,no,no,no,no,no,no,no,no,yes,no,no,yes,yes,yes,no,no,no,no,no,yes,no,no,no,no,no
973N0026,11,no,no,no,no,no,no,no,no,no,no,no,no,no,no,no,yes,yes,yes,yes,no,yes,yes,no,no,no,no,no,no,no,no,no,yes,no,no,yes,yes,yes,no,no,no,no,no,yes,no,no,no,no,no
973N0027,10,no,no,no,no,no,no,no,no,no,no,no,no,no,no,no,yes,yes,yes,no,no,yes,yes,no,no,no,no,no,no,no,no,no,yes,no,no,yes,yes,yes,no,no,no,no,no,yes,no,no,no,no,no
973N0028,9,no,no,no,no,no,no,no,no,no,no,no,no,no,no,no,no,yes,yes,no,no,yes,yes,no,no,no,no,no,no,no,no,no,yes,no,no,yes,yes,yes,no,no,no,no,no,yes,no,no,no,no,no
973N0029,9,no,no,no,no,no,no,no,no,no,no,no,no,no,no,no,no,yes,yes,no,no,yes,yes,no,no,no,no,no,no,no,no,no,yes,no,no,yes,yes,yes,no,no,no,no,no,yes,no,no,no,no,no
973N0030,10,no,no,no,no,no,no,no,no,no,no,no,no,no,no,no,yes,yes,yes,no,no,yes,yes,no,no,no,no,no,no,no,no,no,yes,no,no,yes,yes,yes,no,no,no,no,no,yes,no,no,no,no,no
973N0031,10,no,no,no,no,no,no,no,no,no,no,no,no,no,no,no,yes,yes,yes,no,no,yes,yes,no,no,no,no,no,no,no,no,no,yes,no,no,yes,yes,yes,no,no,no,no,no,yes,no,no,no,no,no
973N0032,10,no,no,no,no,no,no,no,no,no,no,no,no,no,no,no,no,yes,yes,no,no,yes,yes,no,no,no,no,no,no,no,no,no,yes,no,no,yes,yes,yes,no,no,no,no,no,yes,yes,no,no,no,no
973N0033,10,no,no,no,no,no,no,no,no,no,no,no,no,no,no,no,yes,yes,yes,no,no,yes,yes,no,no,no,no,no,no,no,no,no,yes,no,no,yes,yes,yes,no,no,no,no,no,yes,no,no,no,no,no
973N0034,11,no,no,no,no,no,no,no,no,no,no,no,no,no,yes,no,yes,yes,yes,no,no,yes,yes,no,no,no,no,no,no,no,no,no,yes,no,no,yes,yes,yes,no,no,no,no,no,yes,no,no,no,no,no
973N0035,10,no,no,no,no,no,no,no,no,no,no,no,no,no,yes,no,no,yes,yes,no,no,yes,yes,no,no,no,no,no,no,no,no,no,yes,no,no,yes,yes,yes,no,no,no,no,no,yes,no,no,no,no,no
973N0036,10,no,no,no,no,no,no,no,no,no,no,no,no,no,no,no,yes,yes,yes,no,no,yes,yes,no,no,no,no,no,no,no,no,no,yes,no,no,yes,yes,yes,no,no,no,no,no,yes,no,no,no,no,no
973N0037,10,no,no,no,no,no,no,no,no,no,no,no,no,no,no,no,yes,yes,yes,no,no,yes,yes,no,no,no,no,no,no,no,no,no,yes,no,no,yes,yes,yes,no,no,no,no,no,yes,no,no,no,no,no
973N0040,10,no,no,no,no,no,no,no,no,no,no,no,no,no,no,no,yes,yes,yes,no,no,yes,yes,no,no,no,no,no,no,no,no,no,yes,no,no,yes,yes,yes,no,no,no,no,no,yes,no,no,no,no,no
973N0041,11,no,no,no,no,no,no,no,no,no,no,no,no,no,yes,no,yes,yes,yes,no,no,yes,yes,no,no,no,no,no,no,no,no,no,yes,no,no,yes,yes,yes,no,no,no,no,no,yes,no,no,no,no,no
973N0042,11,no,no,no,no,no,no,no,no,no,no,no,no,no,no,no,yes,yes,yes,no,no,yes,yes,no,no,no,no,yes,no,no,no,no,yes,no,no,yes,yes,yes,no,no,no,no,no,yes,no,no,no,no,no
973N0043,8,no,no,no,no,no,no,no,no,no,no,no,no,no,no,no,no,yes,yes,no,no,yes,yes,no,no,no,no,no,no,no,no,no,yes,no,no,yes,no,yes,no,no,no,no,no,yes,no,no,no,no,no
973N0044,17,no,no,yes,no,no,yes,no,no,no,no,no,no,no,yes,no,no,yes,yes,no,no,yes,yes,no,yes,no,no,no,no,no,yes,no,yes,no,no,yes,yes,yes,no,no,no,no,no,yes,yes,no,yes,no,yes
973N0045,12,yes,no,no,no,no,no,no,no,no,no,no,no,no,yes,no,no,yes,yes,no,no,yes,yes,yes,no,no,no,no,no,no,no,no,yes,no,no,yes,yes,yes,no,no,no,no,no,yes,no,no,no,no,no
973N0046,11,no,no,no,no,no,no,no,no,no,no,no,no,no,yes,no,yes,yes,yes,no,no,yes,yes,no,no,no,no,no,no,no,no,no,yes,no,no,yes,yes,yes,no,no,no,no,no,yes,no,no,no,no,no
973N0048,10,no,no,no,no,no,no,no,no,no,no,no,no,no,no,no,yes,yes,yes,no,no,yes,yes,no,no,no,no,no,no,no,no,no,yes,no,no,yes,yes,yes,no,no,no,no,no,yes,no,no,no,no,no
973N0049,9,no,no,no,no,no,no,no,no,no,no,no,no,no,no,no,no,yes,yes,no,no,yes,yes,no,no,no,no,no,no,no,no,no,yes,no,no,yes,yes,yes,no,no,no,no,no,yes,no,no,no,no,no
973N0050,12,no,no,no,no,no,no,no,no,no,no,no,no,no,yes,no,yes,yes,yes,no,no,yes,yes,no,no,no,no,no,no,no,no,no,yes,no,no,yes,yes,yes,no,no,no,no,no,yes,yes,no,no,no,no
973N0052,10,no,no,no,no,no,no,no,no,no,no,no,no,no,no,no,yes,yes,yes,no,no,yes,yes,no,no,no,no,no,no,no,no,no,yes,no,no,yes,yes,yes,no,no,no,no,no,yes,no,no,no,no,no
973N0053,9,no,no,no,no,no,no,no,no,no,no,no,no,no,no,no,no,yes,yes,no,no,yes,yes,no,no,no,no,no,no,no,no,no,yes,no,no,yes,yes,yes,no,no,no,no,no,yes,no,no,no,no,no
973N0054,10,no,no,no,no,no,no,no,no,no,no,no,no,no,no,no,yes,yes,yes,no,no,yes,yes,no,no,no,no,no,no,no,no,no,yes,no,no,yes,yes,yes,no,no,no,no,no,yes,no,no,no,no,no
973N0057,9,no,no,no,no,no,no,no,no,no,no,no,no,no,no,no,no,yes,yes,no,no,yes,yes,no,no,no,no,no,no,no,no,no,yes,no,no,yes,yes,yes,no,no,no,no,no,yes,no,no,no,no,no
973N0058,9,no,no,no,no,no,no,no,no,no,no,no,no,no,no,no,no,yes,yes,no,no,yes,yes,no,no,no,no,no,no,no,no,no,yes,no,no,yes,yes,yes,no,no,no,no,no,yes,no,no,no,no,no
973N0059,9,no,no,no,no,no,no,no,no,no,no,no,no,no,no,no,no,yes,yes,no,no,yes,yes,no,no,no,no,no,no,no,no,no,yes,no,no,yes,yes,yes,no,no,no,no,no,yes,no,no,no,no,no
973N0061,9,no,no,no,no,no,no,no,no,no,no,no,no,no,no,no,no,yes,yes,no,no,yes,yes,no,no,no,no,no,no,no,no,no,yes,no,no,yes,yes,yes,no,no,no,no,no,yes,no,no,no,no,no
973N0062,9,no,no,no,no,no,no,no,no,no,no,no,no,no,no,no,no,yes,yes,no,no,yes,yes,no,no,no,no,no,no,no,no,no,yes,no,no,yes,yes,yes,no,no,no,no,no,yes,no,no,no,no,no
973N0063,9,no,no,no,no,no,no,no,no,no,no,no,no,no,no,no,no,yes,yes,no,no,yes,yes,no,no,no,no,no,no,no,no,no,yes,no,no,yes,yes,yes,no,no,no,no,no,yes,no,no,no,no,no
973N0064,11,no,no,no,no,no,no,no,no,no,no,no,no,no,yes,no,yes,yes,yes,no,no,yes,yes,no,no,no,no,no,no,no,no,no,yes,no,no,yes,yes,yes,no,no,no,no,no,yes,no,no,no,no,no
973N0065,9,no,no,no,no,no,no,no,no,no,no,no,no,no,no,no,no,yes,yes,no,no,yes,yes,no,no,no,no,no,no,no,no,no,yes,no,no,yes,yes,yes,no,no,no,no,no,yes,no,no,no,no,no
973N0066,9,no,no,no,no,no,no,no,no,no,no,no,no,no,no,no,no,yes,yes,no,no,yes,yes,no,no,no,no,no,no,no,no,no,yes,no,no,yes,yes,yes,no,no,no,no,no,yes,no,no,no,no,no
973N0068,9,no,no,no,no,no,no,no,no,no,no,no,no,no,no,no,no,yes,yes,no,no,yes,yes,no,no,no,no,no,no,no,no,no,yes,no,no,yes,yes,yes,no,no,no,no,no,yes,no,no,no,no,no
973N0070,11,no,no,no,no,no,no,no,no,no,no,no,no,no,yes,no,yes,yes,yes,no,no,yes,yes,no,no,no,no,no,no,no,no,no,yes,no,no,yes,yes,yes,no,no,no,no,no,yes,no,no,no,no,no
973N0071,10,no,no,no,no,no,no,no,no,no,no,no,no,no,yes,no,no,yes,yes,no,no,yes,yes,no,no,no,no,no,no,no,no,no,yes,no,no,yes,yes,yes,no,no,no,no,no,yes,no,no,no,no,no
973N0072,9,no,no,no,no,no,no,no,no,no,no,no,no,no,no,no,no,yes,yes,no,no,yes,yes,no,no,no,no,no,no,no,no,no,yes,no,no,yes,yes,yes,no,no,no,no,no,yes,no,no,no,no,no
973N0073,11,no,no,no,no,no,no,no,no,no,no,no,no,no,yes,no,yes,yes,yes,no,no,yes,yes,no,no,no,no,no,no,no,no,no,yes,no,no,yes,yes,yes,no,no,no,no,no,yes,no,no,no,no,no
973N0074,10,no,no,no,no,no,no,no,no,no,no,no,no,no,no,no,yes,yes,yes,no,no,yes,yes,no,no,no,no,no,no,no,no,no,yes,no,no,yes,yes,yes,no,no,no,no,no,yes,no,no,no,no,no
973N0075,10,no,no,no,no,no,no,no,no,no,no,no,no,no,yes,no,no,yes,yes,no,no,yes,yes,no,no,no,no,no,no,no,no,no,yes,no,no,yes,yes,yes,no,no,no,no,no,yes,no,no,no,no,no
973N0076,9,no,no,no,no,no,no,no,no,no,no,no,no,no,no,no,no,yes,yes,no,no,yes,yes,no,no,no,no,no,no,no,no,no,yes,no,no,yes,yes,yes,no,no,no,no,no,yes,no,no,no,no,no
973N0078,9,no,no,no,no,no,no,no,no,no,no,no,no,no,no,no,no,yes,yes,no,no,yes,yes,no,no,no,no,no,no,no,no,no,yes,no,no,yes,yes,yes,no,no,no,no,no,yes,no,no,no,no,no
973N0080,9,no,no,no,no,no,no,no,no,no,no,no,no,no,no,no,no,yes,yes,no,no,yes,yes,no,no,no,no,no,no,no,no,no,yes,no,no,yes,yes,yes,no,no,no,no,no,yes,no,no,no,no,no
973N0081,10,no,no,no,no,no,no,no,no,no,no,no,no,no,no,no,yes,yes,yes,no,no,yes,yes,no,no,no,no,no,no,no,no,no,yes,no,no,yes,yes,yes,no,no,no,no,no,yes,no,no,no,no,no
973N0082,9,no,no,no,no,no,no,no,no,no,no,no,no,no,no,no,no,yes,yes,no,no,yes,yes,no,no,no,no,no,no,no,no,no,yes,no,no,yes,yes,yes,no,no,no,no,no,yes,no,no,no,no,no
973N0083,9,no,no,no,no,no,no,no,no,no,no,no,no,no,no,no,no,yes,yes,no,no,yes,yes,no,no,no,no,no,no,no,no,no,yes,no,no,yes,yes,yes,no,no,no,no,no,yes,no,no,no,no,no
973N0084,13,no,no,no,no,no,no,no,no,no,no,no,no,no,yes,no,yes,yes,yes,no,no,yes,yes,no,no,no,no,no,no,no,no,no,yes,no,no,yes,yes,yes,no,no,no,no,no,yes,yes,no,no,yes,no
973N0085,9,no,no,no,no,no,no,no,no,no,no,no,no,no,no,no,no,yes,yes,no,no,yes,yes,no,no,no,no,no,no,no,no,no,yes,no,no,yes,yes,yes,no,no,no,no,no,yes,no,no,no,no,no
973N0086,9,no,no,no,no,no,no,no,no,no,no,no,no,no,no,no,no,yes,yes,no,no,yes,yes,no,no,no,no,no,no,no,no,no,yes,no,no,yes,yes,yes,no,no,no,no,no,yes,no,no,no,no,no
973N0087,10,no,no,no,no,no,no,no,no,no,no,no,no,no,no,no,yes,yes,yes,no,no,yes,yes,no,no,no,no,no,no,no,no,no,yes,no,no,yes,yes,yes,no,no,no,no,no,yes,no,no,no,no,no
973N0088,10,no,no,no,no,no,no,no,no,no,no,no,no,no,yes,no,no,yes,yes,no,no,yes,yes,no,no,no,no,no,no,no,no,no,yes,no,no,yes,yes,yes,no,no,no,no,no,yes,no,no,no,no,no
973N0089,11,no,no,no,no,no,no,no,no,no,no,no,no,no,yes,no,yes,yes,yes,no,no,yes,yes,no,no,no,no,no,no,no,no,no,yes,no,no,yes,yes,yes,no,no,no,no,no,yes,no,no,no,no,no
973N0090,10,no,no,no,no,no,no,no,no,no,no,no,no,no,yes,no,no,yes,yes,no,no,yes,yes,no,no,no,no,no,no,no,no,no,yes,no,no,yes,yes,yes,no,no,no,no,no,yes,no,no,no,no,no
973N0092,10,no,no,no,no,no,no,no,no,no,no,no,no,no,yes,no,no,yes,yes,no,no,yes,yes,no,no,no,no,no,no,no,no,no,yes,no,no,yes,yes,yes,no,no,no,no,no,yes,no,no,no,no,no
973N0093,10,no,no,no,no,no,no,no,no,no,no,no,no,no,yes,no,no,yes,yes,no,no,yes,yes,no,no,no,no,no,no,no,no,no,yes,no,no,yes,yes,yes,no,no,no,no,no,yes,no,no,no,no,no
ERR033239,11,no,no,no,no,no,no,no,no,no,no,no,no,no,yes,no,no,yes,yes,no,no,yes,yes,no,no,no,no,no,no,no,yes,no,yes,no,no,yes,yes,yes,no,no,no,no,no,yes,no,no,no,no,no
ERR033240,11,no,no,no,no,no,no,no,no,no,no,no,no,no,yes,no,no,yes,yes,no,no,yes,yes,no,no,no,no,no,no,no,yes,no,yes,no,no,yes,yes,yes,no,no,no,no,no,yes,no,no,no,no,no
ERR033241,16,no,no,yes,no,no,yes,no,no,no,no,no,no,no,yes,no,yes,yes,yes,no,no,yes,yes,no,no,no,no,no,yes,no,yes,no,yes,no,no,yes,yes,yes,no,no,no,yes,no,yes,no,no,no,no,no
ERR033242,14,no,yes,no,no,no,no,no,no,no,no,no,no,no,yes,no,yes,yes,yes,no,no,yes,yes,no,no,no,no,no,no,no,yes,no,yes,no,no,yes,yes,yes,no,no,no,no,no,yes,yes,no,no,no,no
ERR033245,13,no,yes,no,no,no,no,no,no,no,no,no,no,no,yes,no,yes,yes,yes,no,no,yes,yes,no,no,no,no,no,no,no,yes,no,yes,no,no,yes,yes,yes,no,no,no,no,no,yes,no,no,no,no,no
ERR033246,15,no,no,yes,no,no,yes,no,no,no,no,no,no,no,yes,no,yes,yes,yes,no,no,yes,yes,no,no,no,no,no,no,no,yes,no,yes,no,no,yes,yes,yes,no,no,no,yes,no,yes,no,no,no,no,no
ERR033247,16,no,yes,yes,no,no,yes,no,no,no,no,no,no,no,yes,no,yes,yes,yes,no,no,yes,yes,no,no,no,no,no,no,no,yes,no,yes,no,no,yes,yes,yes,no,no,no,yes,no,yes,no,no,no,no,no
ERR033248,11,no,no,no,no,no,no,no,no,no,no,no,no,no,yes,no,no,yes,yes,no,no,yes,yes,no,no,no,no,no,no,no,yes,no,yes,no,no,yes,yes,yes,no,no,no,no,no,yes,no,no,no,no,no
ERR033249,10,no,no,no,no,no,no,no,no,no,no,no,no,no,no,no,no,yes,yes,no,no,yes,yes,no,no,no,no,no,no,no,yes,no,yes,no,no,yes,yes,yes,no,no,no,no,no,yes,no,no,no,no,no
ERR033291,10,no,no,no,no,no,no,no,no,no,no,no,no,no,yes,no,yes,yes,yes,no,no,yes,yes,no,no,no,no,no,no,no,no,no,no,no,no,yes,yes,yes,no,no,no,no,no,yes,no,no,no,no,no
ERR033292,13,no,yes,no,no,no,no,no,no,no,no,no,no,no,yes,no,yes,yes,yes,no,no,yes,yes,no,no,no,no,no,no,no,yes,no,yes,no,no,yes,yes,yes,no,no,no,no,no,yes,no,no,no,no,no
ERR033293,11,no,no,no,no,no,no,no,no,no,no,no,no,no,yes,no,yes,yes,yes,no,no,yes,yes,no,no,no,no,no,no,no,no,no,yes,no,no,yes,yes,yes,no,no,no,no,no,yes,no,no,no,no,no
ERR033294,11,no,no,no,no,no,no,no,no,no,no,no,no,no,no,no,yes,yes,yes,no,no,yes,yes,no,no,no,no,no,no,no,yes,no,yes,no,no,yes,yes,yes,no,no,no,no,no,yes,no,no,no,no,no
ERR033295,11,no,no,no,no,no,no,no,no,no,no,no,no,no,yes,no,yes,yes,yes,no,no,yes,yes,no,no,no,no,no,no,no,no,no,yes,no,no,yes,yes,yes,no,no,no,no,no,yes,no,no,no,no,no
ERR033296,12,no,yes,no,no,no,no,no,no,no,no,no,no,no,no,no,yes,yes,yes,no,no,yes,yes,no,no,no,no,no,no,no,yes,no,yes,no,no,yes,yes,yes,no,no,no,no,no,yes,no,no,no,no,no
ERR033297,12,no,yes,no,no,no,no,no,no,no,no,no,no,no,yes,no,yes,yes,yes,no,no,yes,yes,no,no,no,no,no,no,no,yes,no,yes,no,no,yes,no,yes,no,no,no,no,no,yes,no,no,no,no,no
ERR033298,11,no,no,no,no,no,no,no,no,no,no,no,no,no,yes,no,yes,yes,yes,no,no,yes,yes,no,no,no,no,no,no,no,no,no,yes,no,no,yes,yes,yes,no,no,no,no,no,yes,no,no,no,no,no
ERR033299,15,yes,no,no,no,no,no,no,no,no,no,no,yes,no,yes,no,yes,yes,yes,no,no,yes,yes,no,no,no,no,no,no,no,yes,no,yes,no,no,yes,yes,yes,no,no,yes,no,no,yes,no,no,no,no,no
ERR033300,12,no,yes,no,no,no,no,no,no,no,no,no,no,no,no,no,yes,yes,yes,no,no,yes,yes,no,no,no,no,no,no,no,yes,no,yes,no,no,yes,yes,yes,no,no,no,no,no,yes,no,no,no,no,no
ERR033301,11,no,no,no,no,no,no,no,no,no,no,no,no,no,yes,no,yes,yes,yes,no,no,yes,yes,no,no,no,no,no,no,no,no,no,yes,no,no,yes,yes,yes,no,no,no,no,no,yes,no,no,no,no,no
ERR033302,15,no,no,no,no,no,no,no,no,no,no,no,no,no,yes,yes,yes,yes,yes,no,no,yes,yes,no,no,no,no,no,no,no,yes,no,yes,no,no,yes,yes,yes,yes,yes,no,no,no,yes,no,no,no,no,no
ERR033304,10,no,no,no,no,no,no,no,no,no,no,no,no,no,yes,no,no,yes,yes,no,no,yes,yes,no,no,no,no,no,no,no,no,no,yes,no,no,yes,yes,yes,no,no,no,no,no,yes,no,no,no,no,no
ERR033305,16,no,yes,yes,no,no,yes,no,no,no,no,no,no,no,yes,no,yes,yes,yes,no,no,yes,yes,no,no,no,no,no,no,no,yes,no,yes,no,no,yes,yes,yes,no,no,no,yes,no,yes,no,no,no,no,no
ERR033306,13,no,yes,no,no,no,no,no,no,no,no,no,no,no,yes,no,yes,yes,yes,no,no,yes,yes,no,no,no,no,no,no,no,yes,no,yes,no,no,yes,yes,yes,no,no,no,no,no,yes,no,no,no,no,no
ERR033307,13,no,no,no,no,no,no,no,no,no,yes,no,no,no,yes,no,yes,yes,yes,no,no,yes,yes,no,no,no,no,no,no,no,yes,no,yes,no,no,yes,yes,yes,no,no,no,no,no,yes,no,no,no,no,no
ERR033308,10,no,no,no,no,no,no,no,no,no,no,no,no,no,no,no,yes,yes,yes,no,no,yes,yes,no,no,no,no,no,no,no,no,no,yes,no,no,yes,yes,yes,no,no,no,no,no,yes,no,no,no,no,no
ERR033309,11,no,no,no,no,no,no,no,no,no,no,no,no,no,yes,no,yes,yes,yes,no,no,yes,yes,no,no,no,no,no,no,no,yes,no,yes,no,no,yes,yes,yes,no,no,no,no,no,no,no,no,no,no,no
ERR033310,10,no,no,no,no,no,no,no,no,no,no,no,no,no,no,no,no,yes,yes,no,no,yes,yes,no,no,no,no,no,no,no,yes,no,yes,no,no,yes,yes,yes,no,no,no,no,no,yes,no,no,no,no,no
ERR033312,9,no,no,no,no,no,no,no,no,no,no,no,no,no,no,no,no,yes,yes,no,no,yes,yes,no,no,no,no,no,no,no,no,no,yes,no,no,yes,yes,yes,no,no,no,no,no,yes,no,no,no,no,no
ERR033313,19,yes,no,yes,yes,no,yes,no,no,no,no,no,no,no,yes,yes,yes,yes,yes,no,yes,yes,yes,no,no,no,no,no,no,no,yes,no,yes,no,no,yes,yes,yes,no,no,no,yes,no,yes,no,no,no,no,no
ERR033314,11,no,no,no,no,no,no,no,no,no,no,no,no,no,yes,no,yes,yes,yes,no,no,yes,yes,no,no,no,no,no,no,no,no,no,yes,no,no,yes,yes,yes,no,no,no,no,no,yes,no,no,no,no,no
ERR033315,16,no,yes,yes,no,no,yes,no,no,no,no,no,no,no,yes,no,yes,yes,yes,no,no,yes,yes,no,no,no,no,no,no,no,yes,no,yes,no,no,yes,yes,yes,no,no,no,yes,no,yes,no,no,no,no,no
ERR033330,10,no,no,no,no,no,no,no,no,no,no,no,no,no,yes,no,no,yes,yes,no,no,yes,yes,no,no,no,no,no,no,no,no,no,yes,no,no,yes,yes,yes,no,no,no,no,no,yes,no,no,no,no,no
ERR033331,10,no,no,no,no,no,no,no,no,no,no,no,no,no,yes,no,yes,yes,yes,no,no,yes,yes,no,no,no,no,no,no,no,no,no,no,no,no,yes,yes,yes,no,no,no,no,no,yes,no,no,no,no,no
ERR033332,19,yes,no,yes,yes,no,yes,no,no,no,no,no,no,no,yes,yes,yes,yes,yes,no,yes,yes,yes,no,no,no,no,no,no,no,yes,no,yes,no,no,yes,yes,yes,no,no,no,yes,no,yes,no,no,no,no,no
ERR033333,10,no,no,no,no,no,no,no,no,no,no,no,no,no,yes,no,no,yes,yes,no,no,yes,yes,no,no,no,no,no,no,no,no,no,yes,no,no,yes,yes,yes,no,no,no,no,no,yes,no,no,no,no,no
ERR033334,11,no,no,no,no,no,no,no,no,no,no,no,no,no,yes,no,yes,yes,yes,no,no,yes,yes,no,no,no,no,no,no,no,no,no,yes,no,no,yes,yes,yes,no,no,no,no,no,yes,no,no,no,no,no
ERR033335,17,yes,no,yes,yes,no,yes,no,no,no,no,no,no,no,no,yes,yes,yes,yes,no,yes,yes,yes,no,no,no,no,no,no,no,yes,no,yes,no,no,yes,yes,yes,no,no,no,no,no,yes,no,no,no,no,no
ERR033336,19,yes,no,yes,yes,no,yes,no,no,no,no,no,no,no,yes,yes,yes,yes,yes,no,yes,yes,yes,no,no,no,no,no,no,no,yes,no,yes,no,no,yes,yes,yes,no,no,no,yes,no,yes,no,no,no,no,no
ERR033337,11,no,no,no,no,no,no,no,no,no,no,no,no,no,yes,no,yes,yes,yes,no,no,yes,yes,no,no,no,no,no,no,no,no,no,yes,no,no,yes,yes,yes,no,no,no,no,no,yes,no,no,no,no,no
ERR033338,3,no,no,no,no,no,no,no,no,no,no,no,no,no,no,no,yes,no,no,no,no,yes,no,no,no,no,no,no,no,no,no,no,no,no,no,no,no,yes,no,no,no,no,no,no,no,no,no,no,no
ERR033340,10,no,no,no,no,no,no,no,no,no,no,no,no,no,yes,no,no,yes,yes,no,no,yes,yes,no,no,no,no,no,no,no,no,no,yes,no,no,yes,yes,yes,no,no,no,no,no,yes,no,no,no,no,no
ERR033341,12,no,no,no,no,no,no,no,no,no,no,no,no,no,yes,no,yes,yes,yes,no,no,yes,yes,no,no,no,no,no,no,no,yes,no,yes,no,no,yes,yes,yes,no,no,no,no,no,yes,no,no,no,no,no
ERR033343,10,no,no,no,no,no,no,no,no,no,no,no,no,no,no,no,no,yes,yes,no,no,yes,yes,no,no,no,no,no,no,no,yes,no,yes,no,no,yes,yes,yes,no,no,no,no,no,yes,no,no,no,no,no
ERR033345,11,no,no,no,no,no,no,no,no,no,no,no,no,no,yes,no,yes,yes,yes,no,no,yes,yes,no,no,no,no,no,no,no,no,no,yes,no,no,yes,yes,yes,no,no,no,no,no,yes,no,no,no,no,no
ERR033346,13,no,yes,no,no,no,no,no,no,no,no,no,no,no,yes,no,yes,yes,yes,no,no,yes,yes,no,no,no,no,no,no,no,yes,no,yes,no,no,yes,yes,yes,no,no,no,no,no,yes,no,no,no,no,no
ERR033347,13,no,no,no,no,no,no,no,no,no,no,no,no,no,yes,yes,yes,yes,yes,no,no,yes,yes,no,no,no,no,no,no,no,yes,no,yes,no,no,yes,yes,yes,no,no,no,no,no,yes,no,no,no,no,no
ERR033348,17,yes,no,yes,no,no,no,no,no,no,no,no,no,no,yes,no,yes,yes,yes,no,no,yes,yes,no,no,no,no,no,no,no,yes,no,yes,yes,yes,yes,yes,yes,no,no,no,no,no,yes,no,no,yes,no,no
ERR033349,18,yes,no,yes,no,no,no,no,yes,no,no,no,no,no,yes,no,yes,yes,yes,no,no,yes,yes,no,no,no,no,no,no,no,yes,no,yes,yes,yes,yes,yes,yes,no,no,no,no,no,yes,no,no,yes,no,no
ERR033351,12,no,no,yes,no,no,yes,no,no,no,no,no,no,no,no,no,yes,yes,yes,no,no,yes,yes,no,no,no,no,no,no,no,no,no,yes,no,no,yes,yes,yes,no,no,no,no,no,yes,no,no,no,no,no
ERR033352,11,no,no,no,no,no,no,no,no,no,no,no,no,no,yes,no,yes,yes,yes,no,no,yes,yes,no,no,no,no,no,no,no,no,no,yes,no,no,yes,yes,yes,no,no,no,no,no,yes,no,no,no,no,no
ERR033353,11,no,no,no,no,no,no,no,no,no,no,no,no,no,yes,no,yes,yes,yes,no,no,yes,yes,no,no,no,no,no,no,no,no,no,yes,no,no,yes,yes,yes,no,no,no,no,no,yes,no,no,no,no,no
ERR033354,9,no,no,no,no,no,no,no,no,no,no,no,no,no,no,no,no,yes,yes,no,no,yes,yes,no,no,no,no,no,no,no,no,no,yes,no,no,yes,yes,yes,no,no,no,no,no,yes,no,no,no,no,no
ERR033356,15,no,no,yes,no,no,yes,no,no,no,no,no,no,no,no,no,yes,yes,yes,no,no,yes,yes,no,no,no,no,no,no,no,yes,no,yes,yes,yes,yes,yes,yes,no,no,no,no,no,yes,no,no,no,no,no
ERR033357,19,yes,yes,yes,no,no,yes,no,no,no,no,no,no,no,yes,no,yes,yes,yes,no,no,yes,yes,yes,no,no,no,no,no,no,yes,no,yes,yes,yes,yes,yes,yes,no,no,no,no,no,yes,no,no,no,no,no
ERR033358,11,no,no,no,no,no,no,no,no,no,no,no,no,no,yes,no,yes,yes,yes,no,no,yes,yes,no,no,no,no,no,no,no,no,no,yes,no,no,yes,yes,yes,no,no,no,no,no,yes,no,no,no,no,no
ERR033359,17,no,yes,yes,no,no,yes,no,no,no,no,no,no,no,yes,no,yes,yes,yes,no,no,yes,yes,no,no,no,no,no,no,no,yes,no,yes,yes,yes,yes,yes,yes,no,no,no,no,no,yes,no,no,no,no,no
ERR033360,16,no,yes,yes,no,no,yes,no,no,no,no,no,no,no,no,no,yes,yes,yes,no,no,yes,yes,no,no,no,no,no,no,no,yes,no,yes,yes,yes,yes,yes,yes,no,no,no,no,no,yes,no,no,no,no,no
ERR033361,13,no,no,no,no,no,no,no,yes,no,no,no,no,no,no,no,no,yes,yes,no,no,yes,yes,no,no,no,no,no,no,no,no,no,yes,no,no,yes,yes,yes,no,no,no,no,no,yes,yes,no,yes,yes,no
ERR033362,9,yes,no,no,no,no,no,no,no,no,no,no,no,no,no,no,no,yes,yes,no,no,yes,yes,no,no,no,no,no,no,no,no,no,yes,no,no,no,yes,no,no,no,yes,no,no,yes,no,no,no,no,no
ERR033363,17,no,yes,yes,no,no,yes,no,no,no,no,no,no,no,yes,no,yes,yes,yes,no,no,yes,yes,no,no,no,no,no,no,no,yes,no,yes,yes,yes,yes,yes,yes,no,no,no,no,no,yes,no,no,no,no,no
ERR033364,9,no,no,no,no,no,no,no,no,no,no,no,no,no,yes,no,no,yes,yes,no,no,yes,yes,no,no,no,no,no,no,no,no,no,yes,no,no,yes,yes,yes,no,no,no,no,no,no,no,no,no,no,no
ERR033365,10,no,no,no,no,no,no,no,no,no,no,no,no,no,yes,no,no,yes,yes,no,no,yes,yes,no,no,no,no,no,no,no,no,no,yes,no,no,yes,yes,yes,no,no,no,no,no,yes,no,no,no,no,no
ERR033366,17,yes,no,yes,no,no,yes,no,no,no,no,no,no,no,yes,no,yes,yes,yes,no,no,yes,yes,no,no,no,no,no,no,no,yes,no,yes,yes,yes,yes,yes,yes,no,no,no,no,no,yes,no,no,no,no,no
ERR033367,14,no,no,no,yes,no,no,no,no,no,no,no,no,no,yes,yes,yes,yes,yes,no,no,yes,yes,no,no,no,no,no,no,no,no,no,yes,no,no,yes,yes,yes,no,no,no,no,no,yes,yes,no,no,no,no
ERR033369,9,no,no,no,no,no,no,no,no,no,no,no,no,no,no,no,yes,yes,yes,no,no,yes,yes,no,no,no,no,no,no,no,no,no,no,no,no,yes,yes,yes,no,no,no,no,no,yes,no,no,no,no,no
ERR033370,10,no,no,no,no,no,no,no,no,no,no,no,no,no,no,no,yes,yes,yes,no,no,yes,yes,no,no,no,no,no,no,no,no,no,yes,no,no,yes,yes,yes,no,no,no,no,no,yes,no,no,no,no,no
ERR033371,14,no,no,no,yes,no,no,no,no,no,no,no,no,no,no,yes,yes,yes,yes,no,no,yes,yes,no,no,no,no,no,no,no,no,no,yes,no,no,yes,yes,yes,yes,yes,no,no,no,yes,no,no,no,no,no
ERR033373,11,no,no,no,no,no,no,no,no,no,no,no,no,no,yes,no,yes,yes,yes,no,no,yes,yes,no,no,no,no,no,no,no,no,no,yes,no,no,yes,yes,yes,no,no,no,no,no,yes,no,no,no,no,no
ERR033374,11,no,no,no,no,no,no,no,no,no,no,no,no,no,yes,no,yes,yes,yes,no,no,yes,yes,no,no,no,no,no,no,no,no,no,yes,no,no,yes,yes,yes,no,no,no,no,no,yes,no,no,no,no,no
ERR033375,11,no,no,no,no,no,no,no,no,no,no,no,no,no,yes,no,yes,yes,yes,no,no,yes,yes,no,no,no,no,no,no,no,no,no,yes,no,no,yes,yes,yes,no,no,no,no,no,yes,no,no,no,no,no
ERR033376,11,no,no,no,no,no,no,no,no,no,no,no,no,no,yes,no,yes,yes,yes,no,no,yes,yes,no,no,no,no,no,no,no,no,no,yes,no,no,yes,yes,yes,no,no,no,no,no,yes,no,no,no,no,no
ERR033377,15,no,no,no,yes,no,no,no,no,no,no,no,no,no,no,yes,yes,yes,yes,no,no,yes,yes,no,no,no,no,no,no,no,no,no,yes,no,no,yes,yes,yes,yes,yes,no,no,no,yes,yes,no,no,no,no
ERR033378,16,no,no,yes,no,no,yes,no,no,no,no,no,no,no,yes,no,yes,yes,yes,no,no,yes,yes,no,no,no,no,no,no,no,yes,no,yes,yes,yes,yes,yes,yes,no,no,no,no,no,yes,no,no,no,no,no
ERR033379,11,no,no,no,no,no,no,no,no,no,no,no,no,no,yes,no,yes,yes,yes,no,no,yes,yes,no,no,no,no,no,no,no,no,no,yes,no,no,yes,yes,yes,no,no,no,no,no,yes,no,no,no,no,no
ERR033380,10,no,no,no,no,no,no,no,no,no,no,no,no,no,no,no,yes,yes,yes,no,no,yes,yes,no,no,no,no,no,no,no,no,no,yes,no,no,yes,yes,yes,no,no,no,no,no,yes,no,no,no,no,no
ERR033389,11,no,no,no,no,no,no,no,no,no,no,no,no,no,yes,no,yes,yes,yes,no,no,yes,yes,no,no,no,no,no,no,no,no,no,yes,no,no,yes,yes,yes,no,no,no,no,no,yes,no,no,no,no,no
ERR033390,10,no,no,no,no,no,no,no,no,no,no,no,no,no,yes,no,no,yes,yes,no,no,yes,yes,no,no,no,no,no,no,no,no,no,yes,no,no,yes,yes,yes,no,no,no,no,no,yes,no,no,no,no,no
ERR033408,16,yes,no,yes,yes,no,yes,no,no,no,no,no,no,no,yes,yes,yes,no,yes,no,yes,yes,yes,no,no,no,no,no,no,no,yes,no,yes,no,no,yes,yes,no,no,no,no,no,no,yes,no,no,no,no,no
ERR033409,17,yes,no,yes,yes,no,yes,no,no,no,no,no,no,no,yes,yes,yes,yes,yes,no,yes,yes,yes,no,no,no,no,no,no,no,yes,no,no,no,no,yes,yes,yes,no,no,no,no,no,yes,no,no,no,no,no
ERR033410,10,no,no,no,no,no,no,no,no,no,no,no,no,no,yes,no,no,yes,yes,no,no,yes,yes,no,no,no,no,no,no,no,no,no,yes,no,no,yes,yes,yes,no,no,no,no,no,yes,no,no,no,no,no
ERR033411,19,yes,no,yes,yes,no,yes,no,no,no,no,no,no,no,yes,yes,yes,yes,yes,no,yes,yes,yes,no,no,no,no,no,no,no,yes,no,yes,no,no,yes,yes,yes,no,no,no,yes,no,yes,no,no,no,no,no
ERR033412,9,no,no,no,no,no,no,no,no,no,no,no,no,no,no,no,no,yes,yes,no,no,yes,yes,no,no,no,no,no,no,no,no,no,yes,no,no,yes,yes,yes,no,no,no,no,no,yes,no,no,no,no,no
ERR033413,10,no,no,no,no,no,no,no,no,no,no,no,no,no,no,no,no,yes,yes,no,no,yes,yes,no,no,no,no,no,no,no,no,no,yes,no,no,yes,yes,yes,no,no,no,no,no,yes,yes,no,no,no,no
ERR033414,11,no,no,no,no,no,no,no,no,no,no,no,no,no,yes,no,yes,yes,yes,no,no,yes,yes,no,no,no,no,no,no,no,no,no,yes,no,no,yes,yes,yes,no,no,no,no,no,yes,no,no,no,no,no
ERR033415,10,no,no,no,no,no,no,no,no,no,no,no,no,no,yes,no,no,yes,yes,no,no,yes,yes,no,no,no,no,no,no,no,no,no,yes,no,no,yes,yes,yes,no,no,no,no,no,yes,no,no,no,no,no
ERR033416,12,no,no,no,no,no,no,no,no,no,no,no,no,no,yes,no,yes,yes,yes,no,no,yes,yes,no,no,no,no,no,no,no,yes,no,yes,no,no,yes,yes,yes,no,no,no,no,no,yes,no,no,no,no,no
ERR033417,17,yes,no,yes,yes,no,yes,no,no,no,no,no,no,no,no,yes,yes,yes,yes,no,yes,yes,yes,no,no,no,no,no,no,no,yes,no,yes,no,no,yes,yes,yes,no,no,no,no,no,yes,no,no,no,no,no
ERR033418,10,no,no,no,no,no,no,no,no,no,no,no,no,no,no,no,yes,yes,yes,no,no,yes,yes,no,no,no,no,no,no,no,no,no,yes,no,no,yes,yes,yes,no,no,no,no,no,yes,no,no,no,no,no
ERR033419,16,yes,no,yes,no,no,yes,no,no,no,no,no,no,no,yes,no,yes,yes,yes,no,no,yes,yes,no,no,no,no,no,no,no,yes,no,yes,no,no,yes,yes,yes,no,no,no,yes,no,yes,no,no,no,no,no
ERR033421,10,no,no,no,no,no,no,no,no,no,no,no,no,no,yes,no,no,yes,yes,no,no,yes,yes,no,no,no,no,no,no,no,no,no,yes,no,no,yes,yes,yes,no,no,no,no,no,yes,no,no,no,no,no
ERR033423,6,no,no,no,no,no,no,no,no,no,no,no,no,no,no,no,yes,yes,yes,no,no,yes,no,no,no,no,no,no,no,no,no,no,no,no,no,no,yes,yes,no,no,no,no,no,no,no,no,no,no,no
ERR033424,11,no,no,no,no,no,no,no,no,no,no,no,no,no,yes,no,yes,yes,yes,no,no,yes,yes,no,no,no,no,no,no,no,no,no,yes,no,no,yes,yes,yes,no,no,no,no,no,yes,no,no,no,no,no
ERR033425,10,no,no,no,no,no,no,no,no,no,no,no,no,no,yes,no,no,yes,yes,no,no,yes,yes,no,no,no,no,no,no,no,no,no,yes,no,no,yes,yes,yes,no,no,no,no,no,yes,no,no,no,no,no
ERR033426,7,no,no,no,no,no,no,no,no,no,no,no,no,no,yes,no,yes,no,no,no,no,yes,yes,no,no,no,no,no,no,no,no,no,yes,no,no,yes,no,yes,no,no,no,no,no,no,no,no,no,no,no
ERR033428,13,no,no,yes,no,no,yes,no,no,no,no,no,no,no,yes,no,yes,yes,yes,no,no,yes,yes,no,no,no,no,no,no,no,no,no,yes,no,no,yes,yes,yes,no,no,no,no,no,yes,no,no,no,no,no
ERR033429,10,no,no,no,no,no,no,no,no,no,no,no,no,no,yes,no,no,yes,yes,no,no,yes,yes,no,no,no,no,no,no,no,no,no,yes,no,no,yes,yes,yes,no,no,no,no,no,yes,no,no,no,no,no
ERR033431,11,no,no,no,no,no,no,no,no,no,no,no,no,no,yes,no,yes,yes,yes,no,no,yes,yes,no,no,no,no,no,no,no,no,no,yes,no,no,yes,yes,yes,no,no,no,no,no,yes,no,no,no,no,no
ERR033432,11,no,no,no,no,no,no,no,no,no,no,no,no,no,yes,no,no,yes,yes,no,no,yes,yes,no,no,no,no,no,yes,no,no,no,yes,no,no,yes,yes,yes,no,no,no,no,no,yes,no,no,no,no,no
ERR033447,10,no,no,no,no,no,no,no,no,no,no,no,no,no,no,no,yes,yes,yes,no,no,yes,yes,no,no,no,no,no,no,no,no,no,yes,no,no,yes,yes,yes,no,no,no,no,no,yes,no,no,no,no,no
ERR033448,13,no,yes,no,no,no,no,no,no,no,no,no,no,no,yes,no,yes,yes,yes,no,no,yes,yes,no,no,no,no,no,no,no,yes,no,yes,no,no,yes,yes,yes,no,no,no,no,no,yes,no,no,no,no,no
ERR033450,16,no,yes,yes,no,no,yes,no,no,no,no,no,no,no,yes,no,yes,yes,yes,no,no,yes,yes,no,no,no,no,no,no,no,yes,no,yes,no,no,yes,yes,yes,no,no,no,yes,no,yes,no,no,no,no,no
ERR033451,10,no,no,no,no,no,no,no,no,no,no,no,no,no,yes,no,no,yes,yes,no,no,yes,yes,no,no,no,no,no,no,no,no,no,yes,no,no,yes,yes,yes,no,no,no,no,no,yes,no,no,no,no,no
ERR033453,14,no,yes,no,no,no,no,no,no,no,no,no,no,no,yes,no,yes,yes,yes,no,no,yes,yes,no,no,no,no,no,no,no,yes,no,yes,no,no,yes,yes,yes,no,no,no,no,no,yes,yes,no,no,no,no
ERR033454,11,no,no,no,no,no,no,no,no,no,no,no,no,no,yes,no,no,yes,yes,no,no,yes,yes,yes,no,no,no,no,no,no,no,no,yes,no,no,yes,yes,yes,no,no,no,no,no,yes,no,no,no,no,no
ERR033455,16,no,yes,yes,no,no,yes,no,no,no,no,no,no,no,yes,no,yes,yes,yes,no,no,yes,yes,no,no,no,no,no,no,no,yes,no,yes,no,no,yes,yes,yes,no,no,no,yes,no,yes,no,no,no,no,no
ERR033456,16,no,yes,yes,no,no,yes,no,no,no,no,no,no,no,yes,no,yes,yes,yes,no,no,yes,yes,no,no,no,no,no,no,no,yes,no,yes,no,no,yes,yes,yes,no,no,no,yes,no,yes,no,no,no,no,no
ERR033457,10,no,no,no,no,no,no,no,no,no,no,no,no,no,yes,no,no,yes,yes,no,no,yes,yes,no,no,no,no,no,no,no,no,no,yes,no,no,yes,yes,yes,no,no,no,no,no,yes,no,no,no,no,no
ERR033460,10,no,no,no,no,no,no,no,no,no,no,no,no,no,no,no,yes,yes,yes,no,no,yes,yes,no,no,no,no,no,no,no,no,no,yes,no,no,yes,yes,yes,no,no,no,no,no,yes,no,no,no,no,no
ERR033461,11,no,no,no,no,no,no,no,no,no,no,no,no,no,yes,no,yes,yes,yes,no,no,yes,yes,no,no,no,no,no,no,no,no,no,yes,no,no,yes,yes,yes,no,no,no,no,no,yes,no,no,no,no,no
ERR033462,13,no,yes,no,no,no,no,no,no,no,no,no,no,no,yes,no,yes,yes,yes,no,no,yes,yes,no,no,no,no,no,no,no,yes,no,yes,no,no,yes,yes,yes,no,no,no,no,no,yes,no,no,no,no,no
ERR033463,11,no,no,no,no,no,no,no,no,no,no,no,no,no,yes,no,yes,yes,yes,no,no,yes,yes,no,no,no,no,no,no,no,no,no,yes,no,no,yes,yes,yes,no,no,no,no,no,yes,no,no,no,no,no
ERR033464,11,no,no,no,no,no,no,no,no,no,no,no,no,no,yes,no,yes,yes,yes,no,no,yes,yes,no,no,no,no,no,no,no,no,no,yes,no,no,yes,yes,yes,no,no,no,no,no,yes,no,no,no,no,no
ERR033465,11,no,no,no,no,no,no,no,no,no,no,no,no,no,yes,no,no,yes,yes,no,no,yes,yes,no,no,no,no,no,no,no,yes,no,yes,no,no,yes,yes,yes,no,no,no,no,no,yes,no,no,no,no,no
ERR033466,11,no,no,no,no,no,no,no,no,no,no,no,no,no,yes,no,no,yes,yes,no,no,yes,yes,no,no,no,no,no,no,no,yes,no,yes,no,no,yes,yes,yes,no,no,no,no,no,yes,no,no,no,no,no
ERR033467,16,no,yes,yes,no,no,yes,no,no,no,no,no,no,no,yes,no,yes,yes,yes,no,no,yes,yes,no,no,no,no,no,no,no,yes,no,yes,no,no,yes,yes,yes,no,no,no,yes,no,yes,no,no,no,no,no
ERR033468,12,no,yes,no,no,no,no,no,no,no,no,no,no,no,yes,no,yes,yes,yes,no,no,yes,yes,no,no,no,no,no,no,no,yes,no,no,no,no,yes,yes,yes,no,no,no,no,no,yes,no,no,no,no,no
ERR033469,12,no,no,yes,no,no,yes,no,no,no,no,no,no,no,no,no,yes,yes,yes,no,no,yes,yes,no,no,no,no,no,no,no,no,no,yes,no,no,yes,yes,yes,no,no,no,no,no,yes,no,no,no,no,no
ERR033470,10,no,no,no,no,no,no,no,no,no,no,no,no,no,no,no,yes,yes,yes,no,no,yes,yes,no,no,no,no,no,no,no,no,no,yes,no,no,yes,yes,yes,no,no,no,no,no,yes,no,no,no,no,no
ERR033471,17,yes,no,no,no,no,no,no,no,no,no,no,no,no,yes,no,yes,yes,yes,no,yes,yes,yes,no,no,no,no,no,no,no,yes,no,no,yes,yes,yes,yes,yes,no,no,no,no,no,yes,yes,no,yes,no,no
ERR033473,12,no,no,no,no,no,no,no,yes,no,no,no,no,no,yes,no,no,yes,yes,no,no,yes,yes,no,no,no,no,no,no,no,yes,no,yes,no,no,yes,yes,yes,no,no,no,no,no,yes,no,no,no,no,no
ERR033474,9,no,no,no,no,no,no,no,no,no,no,no,no,no,no,no,no,yes,yes,no,no,yes,yes,no,no,no,no,no,no,no,no,no,yes,no,no,yes,yes,yes,no,no,no,no,no,yes,no,no,no,no,no
ERR033475,12,no,no,no,no,no,no,no,yes,no,no,no,no,no,yes,no,no,yes,yes,no,no,yes,yes,no,no,no,no,no,no,no,yes,no,yes,no,no,yes,yes,yes,no,no,no,no,no,yes,no,no,no,no,no
ERR033476,12,no,no,no,no,no,no,no,yes,no,no,no,no,no,yes,no,no,yes,yes,no,no,yes,yes,no,no,no,no,no,no,no,yes,no,yes,no,no,yes,yes,yes,no,no,no,no,no,yes,no,no,no,no,no
ERR033477,11,no,no,no,no,no,no,no,no,no,no,no,no,no,yes,no,no,yes,yes,no,no,yes,yes,no,no,no,no,no,no,no,yes,no,yes,no,no,yes,yes,yes,no,no,no,no,no,yes,no,no,no,no,no
ERR033478,17,no,yes,yes,no,no,yes,no,no,no,no,no,no,no,yes,no,yes,yes,yes,no,no,yes,yes,no,no,no,no,no,no,no,yes,no,yes,yes,yes,yes,yes,yes,no,no,no,no,no,yes,no,no,no,no,no
ERR033479,9,no,no,no,no,no,no,no,no,no,no,no,no,no,no,no,no,yes,yes,no,no,yes,yes,no,no,no,no,no,no,no,no,no,yes,no,no,yes,yes,yes,no,no,no,no,no,yes,no,no,no,no,no
ERR033480,11,no,no,no,no,no,no,no,no,no,no,no,no,no,yes,no,yes,yes,yes,no,no,yes,yes,no,no,no,no,no,no,no,no,no,yes,no,no,yes,yes,yes,no,no,no,no,no,yes,no,no,no,no,no
ERR033482,16,no,yes,yes,no,no,yes,no,no,no,no,no,no,no,no,no,yes,yes,yes,no,no,yes,yes,no,no,no,no,no,no,no,yes,no,yes,yes,yes,yes,yes,yes,no,no,no,no,no,yes,no,no,no,no,no
ERR033483,9,no,no,no,no,no,no,no,no,no,no,no,no,no,no,no,no,yes,yes,no,no,yes,yes,no,no,no,no,no,no,no,no,no,yes,no,no,yes,yes,yes,no,no,no,no,no,yes,no,no,no,no,no
ERR033486,11,no,no,no,no,no,no,no,no,no,no,no,no,no,yes,no,no,yes,yes,no,no,yes,yes,no,no,no,no,no,no,no,yes,no,yes,no,no,yes,yes,yes,no,no,no,no,no,yes,no,no,no,no,no
ERR033487,11,no,no,no,no,no,no,no,no,no,no,no,no,no,yes,no,yes,yes,yes,no,no,yes,yes,no,no,no,no,no,no,no,no,no,yes,no,no,yes,yes,yes,no,no,no,no,no,yes,no,no,no,no,no
ERR033488,12,no,no,no,no,no,no,no,yes,no,no,no,no,no,yes,no,no,yes,yes,no,no,yes,yes,no,no,no,no,no,no,no,yes,no,yes,no,no,yes,yes,yes,no,no,no,no,no,yes,no,no,no,no,no
ERR033489,16,no,no,yes,no,no,yes,no,no,no,no,no,no,no,yes,no,yes,yes,yes,no,no,yes,yes,no,no,no,no,no,no,no,yes,no,yes,yes,yes,yes,yes,yes,no,no,no,no,no,yes,no,no,no,no,no
ERR033490,11,no,no,no,no,no,no,no,no,no,no,no,no,no,yes,no,yes,yes,yes,no,no,yes,yes,no,no,no,no,no,no,no,no,no,yes,no,no,yes,yes,yes,no,no,no,no,no,yes,no,no,no,no,no
ERR033491,15,no,yes,yes,no,no,no,no,no,no,no,no,no,no,no,no,yes,yes,yes,no,no,yes,yes,no,no,no,no,no,no,no,yes,no,yes,yes,yes,yes,yes,yes,no,no,no,no,no,yes,no,no,no,no,no
ERR033492,18,yes,no,yes,yes,no,yes,no,no,no,no,no,no,no,yes,yes,yes,yes,yes,no,yes,yes,yes,no,no,no,no,no,no,no,yes,no,yes,no,no,no,yes,yes,no,no,no,yes,no,yes,no,no,no,no,no
ERR033494,16,no,yes,yes,no,no,yes,no,no,no,no,no,no,no,no,no,yes,yes,yes,no,no,yes,yes,no,no,no,no,no,no,no,yes,no,yes,yes,yes,yes,yes,yes,no,no,no,no,no,yes,no,no,no,no,no
ERR033495,4,no,no,no,no,no,no,no,no,no,no,no,no,no,no,no,no,no,yes,no,no,yes,yes,no,no,no,no,no,no,no,no,no,no,no,no,no,no,yes,no,no,no,no,no,no,no,no,no,no,no
ERR033511,12,no,no,no,no,no,no,no,yes,no,no,no,no,no,yes,no,no,yes,yes,no,no,yes,yes,no,no,no,no,no,no,no,yes,no,yes,no,no,yes,yes,yes,no,no,no,no,no,yes,no,no,no,no,no
ERR033512,2,no,no,no,no,no,no,no,no,no,no,no,no,no,no,no,no,no,yes,no,no,no,no,no,no,no,no,no,no,no,no,no,no,no,no,no,yes,no,no,no,no,no,no,no,no,no,no,no,no
ERR033513,2,no,no,no,no,no,no,no,no,no,no,no,no,no,no,no,no,no,yes,no,no,no,no,no,no,no,no,no,no,no,no,no,no,no,no,no,no,yes,no,no,no,no,no,no,no,no,no,no,no
ERR033514,11,no,no,no,no,no,no,no,no,no,no,no,no,no,yes,no,no,yes,yes,no,no,yes,yes,no,no,no,no,no,no,no,yes,no,yes,no,no,yes,yes,yes,no,no,no,no,no,yes,no,no,no,no,no
ERR033515,16,no,yes,no,no,no,yes,no,no,no,no,no,no,no,yes,no,yes,yes,yes,no,no,yes,yes,no,no,no,no,no,no,no,yes,no,yes,yes,yes,yes,yes,yes,no,no,no,no,no,yes,no,no,no,no,no
ERR033516,11,no,no,no,no,no,no,no,no,no,no,no,no,no,yes,no,yes,yes,yes,no,no,yes,yes,no,no,no,no,no,no,no,no,no,yes,no,no,yes,yes,yes,no,no,no,no,no,yes,no,no,no,no,no
ERR033518,11,no,no,no,no,no,no,no,no,no,no,no,no,no,yes,no,no,yes,yes,no,no,yes,yes,no,no,no,no,no,no,no,yes,no,yes,no,no,yes,yes,yes,no,no,no,no,no,yes,no,no,no,no,no
ERR033519,11,no,no,no,no,no,no,no,no,no,no,no,no,no,yes,no,no,yes,yes,no,no,yes,yes,no,no,no,no,no,no,no,yes,no,yes,no,no,yes,yes,yes,no,no,no,no,no,yes,no,no,no,no,no
ERR033520,4,no,no,no,no,no,no,no,no,no,no,no,no,no,no,no,yes,no,yes,no,no,yes,yes,no,no,no,no,no,no,no,no,no,no,no,no,no,no,no,no,no,no,no,no,no,no,no,no,no,no
ERR033521,10,no,no,no,no,no,no,no,no,no,no,no,no,no,yes,no,yes,no,yes,no,no,yes,yes,no,no,no,no,no,no,no,no,no,yes,no,no,yes,yes,yes,no,no,no,no,no,yes,no,no,no,no,no
ERR033522,14,yes,no,no,no,no,no,no,yes,no,no,no,no,no,yes,no,yes,yes,yes,no,no,yes,yes,no,no,no,no,no,no,no,yes,no,yes,no,no,yes,yes,yes,no,no,no,no,no,yes,no,no,no,no,no
ERR033524,13,no,no,no,no,no,no,no,no,no,yes,no,no,no,yes,no,yes,no,yes,no,no,yes,yes,no,no,no,no,no,no,yes,yes,no,yes,no,no,yes,yes,yes,no,no,no,no,no,yes,no,no,no,no,no
ERR033525,15,no,yes,no,no,no,no,no,no,no,no,no,no,no,yes,no,yes,yes,yes,no,no,yes,yes,no,no,no,no,no,no,no,yes,no,yes,no,no,yes,yes,yes,yes,yes,no,no,no,yes,no,no,no,no,no
ERR033526,10,no,no,no,no,no,no,no,no,no,no,no,no,no,yes,no,no,yes,yes,no,no,yes,yes,no,no,no,no,no,no,no,no,no,yes,no,no,yes,yes,yes,no,no,no,no,no,yes,no,no,no,no,no
ERR033527,14,no,yes,no,no,no,no,no,no,no,no,no,no,no,yes,no,yes,yes,yes,no,no,yes,yes,no,no,no,no,no,no,no,yes,no,yes,no,no,yes,yes,yes,no,yes,no,no,no,yes,no,no,no,no,no
ERR033529,16,no,no,yes,no,no,yes,no,no,no,no,no,no,no,yes,no,yes,yes,yes,no,no,yes,yes,no,no,no,no,no,no,no,yes,no,yes,yes,yes,yes,yes,yes,no,no,no,no,no,yes,no,no,no,no,no
ERR033530,19,yes,no,yes,yes,no,yes,no,no,no,no,no,no,no,yes,yes,yes,yes,yes,no,yes,yes,yes,no,no,no,no,no,no,no,yes,no,yes,no,no,yes,yes,yes,no,no,no,yes,no,yes,no,no,no,no,no
ERR033531,12,no,yes,no,no,no,no,no,no,no,no,no,no,no,no,no,yes,yes,yes,no,no,yes,yes,no,no,no,no,no,no,no,yes,no,yes,no,no,yes,yes,yes,no,no,no,no,no,yes,no,no,no,no,no
ERR033532,15,no,yes,no,yes,no,no,no,no,no,no,no,no,no,yes,no,yes,yes,yes,no,no,yes,yes,no,no,no,no,no,no,no,yes,no,yes,no,no,yes,yes,yes,yes,no,no,no,no,yes,no,no,no,no,no
ERR033533,10,no,no,no,no,no,no,no,no,no,no,no,no,no,yes,no,no,yes,yes,no,no,yes,yes,no,no,no,no,no,no,no,no,no,yes,no,no,yes,yes,yes,no,no,no,no,no,yes,no,no,no,no,no
ERR033534,13,no,no,no,no,no,no,no,yes,no,no,no,no,no,yes,no,yes,yes,yes,no,no,yes,yes,no,no,no,yes,no,no,no,no,no,yes,no,no,yes,yes,yes,no,no,no,no,no,yes,no,no,no,no,no
ERR033535,12,no,no,no,no,no,no,no,no,no,no,no,no,no,yes,no,yes,yes,yes,no,no,yes,yes,no,no,no,no,yes,no,no,no,no,yes,no,no,yes,yes,yes,no,no,no,no,no,yes,no,no,no,no,no
ERR033537,11,no,no,no,no,no,no,no,no,no,no,no,no,no,yes,no,yes,yes,yes,no,no,yes,yes,no,no,no,no,no,no,no,no,no,yes,no,no,yes,yes,yes,no,no,no,no,no,yes,no,no,no,no,no
ERR033538,10,no,no,no,no,no,no,no,no,no,no,no,no,no,no,no,no,yes,yes,no,no,yes,yes,no,no,no,no,no,no,no,no,no,yes,no,no,yes,yes,yes,no,no,no,no,no,yes,no,no,yes,no,no
ERR033540,10,no,no,no,no,no,no,no,no,no,no,no,no,no,no,no,yes,yes,yes,no,no,yes,yes,no,no,no,no,no,no,no,no,no,yes,no,no,yes,yes,yes,no,no,no,no,no,yes,no,no,no,no,no
ERR033541,13,no,no,no,no,no,no,no,no,no,no,no,no,no,yes,no,yes,yes,yes,no,no,yes,yes,no,no,no,yes,no,no,no,no,no,yes,no,no,yes,yes,yes,no,no,no,no,no,yes,no,no,yes,no,no
ERR033542,11,no,no,no,no,no,no,no,no,no,no,no,no,no,yes,no,yes,yes,yes,no,no,yes,yes,no,no,no,no,no,no,no,no,no,yes,no,no,yes,yes,yes,no,no,no,no,no,yes,no,no,no,no,no
ERR033544,19,yes,no,yes,yes,no,yes,no,no,no,no,no,no,no,yes,yes,yes,yes,yes,no,yes,yes,yes,no,no,no,no,no,no,no,yes,no,yes,no,no,yes,yes,yes,no,no,no,yes,no,yes,no,no,no,no,no
ERR033545,11,no,no,no,no,no,no,no,no,no,no,no,no,no,yes,no,no,yes,yes,yes,no,yes,yes,no,no,no,no,no,no,no,no,no,yes,no,no,yes,yes,yes,no,no,no,no,no,yes,no,no,no,no,no
ERR033547,11,no,no,no,no,no,no,no,no,no,no,no,no,no,yes,no,yes,yes,yes,no,no,yes,yes,no,no,no,no,no,no,no,no,no,yes,no,no,yes,yes,yes,no,no,no,no,no,yes,no,no,no,no,no
ERR033550,13,no,no,yes,no,no,yes,no,no,no,no,no,no,no,yes,no,yes,yes,yes,no,no,yes,yes,no,no,no,no,no,no,no,no,no,yes,no,no,yes,yes,yes,no,no,no,no,no,yes,no,no,no,no,no
ERR033551,8,no,no,no,no,no,no,no,no,no,no,no,no,no,no,no,no,no,yes,no,no,yes,yes,no,no,no,no,no,no,no,yes,no,yes,no,no,yes,yes,yes,no,no,no,no,no,no,no,no,no,no,no
ERR033553,11,no,no,no,no,no,no,no,no,no,no,no,no,no,yes,no,no,yes,yes,no,no,yes,yes,no,no,no,no,no,no,no,yes,no,yes,no,no,yes,yes,yes,no,no,no,no,no,yes,no,no,no,no,no
ERR033554,11,no,no,no,no,no,no,no,no,no,no,no,no,no,yes,no,yes,yes,yes,no,no,yes,yes,no,no,no,no,no,no,no,no,no,yes,no,no,yes,yes,yes,no,no,no,no,no,yes,no,no,no,no,no
ERR033555,12,no,no,no,no,no,no,no,yes,no,no,no,no,no,yes,no,no,yes,yes,no,no,yes,yes,no,no,no,no,no,no,no,yes,no,yes,no,no,yes,yes,yes,no,no,no,no,no,yes,no,no,no,no,no
ERR033556,11,no,no,no,no,no,no,no,no,no,no,no,no,no,yes,no,yes,yes,yes,no,no,yes,yes,no,no,no,no,no,no,no,no,no,yes,no,no,yes,yes,yes,no,no,no,no,no,yes,no,no,no,no,no
ERR033557,11,no,no,no,no,no,no,no,no,no,no,no,no,no,yes,no,yes,yes,yes,no,no,yes,yes,no,no,no,no,no,no,no,no,no,yes,no,no,yes,yes,yes,no,no,no,no,no,yes,no,no,no,no,no
ERR033558,11,no,no,no,no,no,no,no,no,no,no,no,no,no,yes,no,no,yes,yes,no,no,yes,yes,no,no,no,no,no,no,no,yes,no,yes,no,no,yes,yes,yes,no,no,no,no,no,yes,no,no,no,no,no
ERR033559,23,yes,no,yes,yes,yes,yes,no,no,no,no,no,no,no,yes,no,yes,yes,yes,no,no,yes,yes,no,yes,no,no,no,no,no,yes,no,yes,yes,yes,yes,yes,yes,no,no,no,yes,no,yes,yes,no,yes,no,no
ERR033560,19,no,yes,yes,no,no,yes,no,no,no,no,yes,no,no,yes,no,yes,yes,yes,no,no,yes,yes,no,no,no,no,no,no,no,yes,no,yes,yes,yes,yes,yes,yes,no,no,no,no,no,yes,no,no,yes,no,no
ERR033561,10,no,no,no,no,no,no,no,no,no,no,no,no,no,no,no,yes,yes,yes,no,no,yes,yes,no,no,no,no,no,no,no,no,no,yes,no,no,yes,yes,yes,no,no,no,no,no,yes,no,no,no,no,no
ERR033563,10,no,no,no,no,no,no,no,no,no,no,no,no,no,no,no,yes,yes,yes,no,no,yes,yes,no,no,no,no,no,no,no,no,no,yes,no,no,yes,yes,yes,no,no,no,no,no,yes,no,no,no,no,no
ERR033564,10,no,no,no,no,no,no,no,no,no,no,no,no,no,yes,no,no,yes,yes,no,no,yes,yes,no,no,no,no,no,no,no,no,no,yes,no,no,yes,yes,yes,no,no,no,no,no,yes,no,no,no,no,no
ERR033565,10,no,no,no,no,no,no,no,no,no,no,no,no,no,yes,no,no,yes,yes,no,no,yes,yes,no,no,no,no,no,no,no,no,no,yes,no,no,yes,yes,yes,no,no,no,no,no,yes,no,no,no,no,no
ERR033566,10,no,no,no,no,no,no,no,no,no,no,no,no,no,yes,no,no,yes,yes,no,no,yes,yes,no,no,no,no,no,no,no,no,no,yes,no,no,yes,yes,yes,no,no,no,no,no,yes,no,no,no,no,no
ERR033567,10,no,no,no,no,no,no,no,no,no,no,no,no,no,yes,no,no,yes,yes,no,no,yes,yes,no,no,no,no,no,no,no,no,no,yes,no,no,yes,yes,yes,no,no,no,no,no,yes,no,no,no,no,no
ERR033568,10,no,no,no,no,no,no,no,no,no,no,no,no,no,yes,no,no,yes,yes,no,no,yes,yes,no,no,no,no,no,no,no,no,no,yes,no,no,yes,yes,yes,no,no,no,no,no,yes,no,no,no,no,no
ERR033569,8,no,no,no,no,no,no,no,no,no,no,no,no,no,no,no,no,no,yes,no,no,yes,yes,no,no,no,no,no,no,no,no,no,yes,no,no,yes,yes,yes,no,no,no,no,no,yes,no,no,no,no,no
ERR033570,11,no,no,no,no,no,no,no,no,no,no,no,no,no,yes,no,yes,yes,yes,no,no,yes,yes,no,no,no,no,no,no,no,no,no,yes,no,no,yes,yes,yes,no,no,no,no,no,yes,no,no,no,no,no
ERR033571,9,no,no,no,no,no,no,no,no,no,no,no,no,no,yes,no,no,yes,yes,no,no,yes,no,no,no,no,no,no,no,no,no,no,yes,no,no,yes,yes,yes,no,no,no,no,no,yes,no,no,no,no,no
ERR033572,11,no,no,no,no,no,no,no,no,no,no,no,no,no,yes,no,yes,yes,yes,no,no,yes,yes,no,no,no,no,no,no,no,no,no,yes,no,no,yes,yes,yes,no,no,no,no,no,yes,no,no,no,no,no
ERR033573,11,no,no,no,no,no,no,no,no,no,no,no,no,no,yes,no,yes,yes,yes,no,no,yes,yes,no,no,no,no,no,no,no,no,no,yes,no,no,yes,yes,yes,no,no,no,no,no,yes,no,no,no,no,no
ERR033574,11,no,no,no,no,no,no,no,no,no,no,no,no,no,yes,no,yes,yes,yes,no,no,yes,yes,no,no,no,no,no,no,no,no,no,yes,no,no,yes,yes,yes,no,no,no,no,no,yes,no,no,no,no,no
ERR033576,4,no,no,no,no,no,no,no,no,no,no,no,no,no,no,no,yes,no,no,no,no,yes,no,no,no,no,no,no,no,no,no,no,no,no,no,no,yes,yes,no,no,no,no,no,no,no,no,no,no,no
ERR033577,10,no,no,no,no,no,no,no,no,no,no,no,no,no,yes,no,no,yes,yes,no,no,yes,yes,no,no,no,no,no,no,no,no,no,yes,no,no,yes,yes,yes,no,no,no,no,no,yes,no,no,no,no,no
ERR033578,11,no,no,no,no,no,no,no,no,no,no,no,no,no,yes,no,yes,yes,yes,no,no,yes,yes,no,no,no,no,no,no,no,no,no,yes,no,no,yes,yes,yes,no,no,no,no,no,yes,no,no,no,no,no
ERR033579,11,no,no,no,no,no,no,no,no,no,no,no,no,no,yes,no,yes,yes,yes,no,no,yes,yes,no,no,no,no,no,no,no,no,no,yes,no,no,yes,yes,yes,no,no,no,no,no,yes,no,no,no,no,no
ERR033580,11,no,no,no,no,no,no,no,no,no,no,no,no,no,yes,no,yes,yes,yes,no,no,yes,yes,no,no,no,no,no,no,no,no,no,yes,no,no,yes,yes,yes,no,no,no,no,no,yes,no,no,no,no,no
ERR033581,11,no,no,no,no,no,no,no,no,no,no,no,no,no,yes,no,yes,yes,yes,no,no,yes,yes,no,no,no,no,no,no,no,no,no,yes,no,no,yes,yes,yes,no,no,no,no,no,yes,no,no,no,no,no
ERR033582,1,no,no,no,no,no,no,no,no,no,no,no,no,no,no,no,no,no,no,no,no,no,no,no,no,no,no,no,no,no,no,no,no,no,no,no,yes,no,no,no,no,no,no,no,no,no,no,no,no
ERR033583,10,no,no,no,no,no,no,no,no,no,no,no,no,no,yes,no,no,yes,yes,no,no,yes,yes,no,no,no,no,no,no,no,no,no,yes,no,no,yes,yes,yes,no,no,no,no,no,yes,no,no,no,no,no
ERR033584,6,no,no,no,no,no,no,no,no,no,no,no,no,no,no,no,no,no,yes,no,no,yes,yes,no,no,no,no,no,no,no,no,no,no,no,no,yes,yes,yes,no,no,no,no,no,no,no,no,no,no,no
ERR033585,11,no,no,no,no,no,no,no,no,no,no,no,no,no,yes,no,yes,yes,yes,no,no,yes,yes,no,no,no,no,no,no,no,no,no,yes,no,no,yes,yes,yes,no,no,no,no,no,yes,no,no,no,no,no
ERR033586,9,no,no,no,no,no,no,no,no,no,no,no,no,no,no,no,no,yes,yes,no,no,yes,yes,no,no,no,no,no,no,no,no,no,yes,no,no,yes,yes,yes,no,no,no,no,no,yes,no,no,no,no,no
ERR033587,11,no,no,no,no,no,no,no,no,no,no,no,no,no,yes,no,yes,yes,yes,no,no,yes,yes,no,no,no,no,no,no,no,no,no,yes,no,no,yes,yes,yes,no,no,no,no,no,yes,no,no,no,no,no
ERR033589,11,no,no,no,no,no,no,no,no,no,no,no,no,no,yes,no,yes,yes,yes,no,no,yes,yes,no,no,no,no,no,no,no,no,no,yes,no,no,yes,yes,yes,no,no,no,no,no,yes,no,no,no,no,no
ERR033590,11,no,no,no,no,no,no,no,no,no,no,no,no,no,yes,no,yes,yes,yes,no,no,yes,yes,no,no,no,no,no,no,no,no,no,yes,no,no,yes,yes,yes,no,no,no,no,no,yes,no,no,no,no,no
ERR033592,5,no,no,no,no,no,no,no,no,no,no,no,no,no,no,no,yes,no,no,no,no,no,yes,no,no,no,no,no,no,no,no,no,no,no,no,yes,yes,yes,no,no,no,no,no,no,no,no,no,no,no
ERR033593,11,no,no,no,no,no,no,no,no,no,no,no,no,no,yes,no,yes,yes,yes,no,no,yes,yes,no,no,no,no,no,no,no,no,no,yes,no,no,yes,yes,yes,no,no,no,no,no,yes,no,no,no,no,no
ERR033594,10,no,no,no,no,no,no,no,no,no,no,no,no,no,yes,no,no,yes,yes,no,no,yes,yes,no,no,no,no,no,no,no,no,no,yes,no,no,yes,yes,yes,no,no,no,no,no,yes,no,no,no,no,no
ERR033595,9,no,no,no,no,no,no,no,no,no,no,no,no,no,no,no,no,yes,yes,no,no,yes,yes,no,no,no,no,no,no,no,no,no,yes,no,no,yes,yes,yes,no,no,no,no,no,yes,no,no,no,no,no
ERR033596,17,yes,no,yes,yes,no,yes,no,no,no,no,no,no,no,no,yes,yes,yes,yes,no,yes,yes,yes,no,no,no,no,no,no,no,yes,no,yes,no,no,yes,yes,yes,no,no,no,no,no,yes,no,no,no,no,no
ERR033597,10,no,no,no,no,no,no,no,no,no,no,no,no,no,yes,no,no,yes,yes,no,no,yes,yes,no,no,no,no,no,no,no,no,no,yes,no,no,yes,yes,yes,no,no,no,no,no,yes,no,no,no,no,no
ERR033598,11,no,no,no,no,no,no,no,no,no,no,no,no,no,yes,no,yes,yes,yes,no,no,yes,yes,no,no,no,no,no,no,no,no,no,yes,no,no,yes,yes,yes,no,no,no,no,no,yes,no,no,no,no,no
ERR033600,11,no,no,no,no,no,no,no,no,no,no,no,no,no,yes,no,yes,yes,yes,no,no,yes,yes,no,no,no,no,no,no,no,no,no,yes,no,no,yes,yes,yes,no,no,no,no,no,yes,no,no,no,no,no
ERR033603,9,no,no,no,no,no,no,no,no,no,no,no,no,no,yes,no,no,no,yes,no,no,yes,yes,no,no,no,no,no,yes,no,no,no,no,no,no,yes,yes,yes,no,no,no,no,no,yes,no,no,no,no,no
ERR033605,11,no,no,no,no,no,no,no,no,no,no,no,no,no,yes,no,no,yes,yes,no,no,yes,yes,no,no,no,no,no,no,no,yes,no,yes,no,no,yes,yes,yes,no,no,no,no,no,yes,no,no,no,no,no
ERR033606,9,no,no,no,no,no,no,no,no,no,no,no,no,no,no,no,yes,yes,yes,no,no,yes,yes,no,no,no,no,no,no,no,no,no,yes,no,no,yes,yes,yes,no,no,no,no,no,no,no,no,no,no,no
ERR033607,11,no,no,no,no,no,no,no,no,no,no,no,no,no,yes,no,no,yes,yes,no,no,yes,yes,no,no,no,no,no,no,no,yes,no,yes,no,no,yes,yes,yes,no,no,no,no,no,yes,no,no,no,no,no
ERR033608,9,no,no,no,no,no,no,no,no,no,no,no,no,no,yes,no,no,yes,yes,no,no,no,yes,no,no,no,no,no,no,no,yes,no,yes,no,no,no,yes,yes,no,no,no,no,no,yes,no,no,no,no,no
ERR033609,11,no,no,no,yes,no,no,no,no,no,no,no,no,no,yes,no,no,yes,yes,no,no,yes,yes,no,no,no,no,no,no,no,no,no,yes,no,no,yes,yes,yes,no,no,no,no,no,yes,no,no,no,no,no
ERR033610,9,no,no,no,no,no,no,no,no,no,no,no,no,no,yes,no,yes,yes,yes,no,no,yes,yes,no,no,no,no,no,no,no,no,no,no,no,no,yes,yes,yes,no,no,no,no,no,no,no,no,no,no,no
ERR033611,11,no,no,no,no,no,no,no,no,no,no,no,no,no,yes,no,yes,yes,yes,no,no,yes,yes,no,no,no,no,no,no,no,no,no,yes,no,no,yes,yes,yes,no,no,no,no,no,yes,no,no,no,no,no
ERR033612,9,no,no,no,no,no,no,no,no,no,no,no,no,no,no,no,no,yes,yes,no,no,yes,yes,no,no,no,no,no,no,no,no,no,yes,no,no,yes,yes,yes,no,no,no,no,no,yes,no,no,no,no,no
ERR033613,11,no,no,no,no,no,no,no,no,no,no,no,no,no,yes,no,yes,yes,yes,no,no,yes,yes,no,no,no,no,no,no,no,no,no,yes,no,no,yes,yes,yes,no,no,no,no,no,yes,no,no,no,no,no
ERR033615,11,no,no,no,no,no,no,no,no,no,no,no,no,no,yes,no,no,yes,yes,no,no,yes,yes,no,no,no,no,no,no,no,yes,no,yes,no,no,yes,yes,yes,no,no,no,no,no,yes,no,no,no,no,no
ERR033616,10,no,no,no,no,no,no,no,no,no,no,no,no,no,no,no,no,yes,yes,no,no,yes,yes,no,no,no,no,no,yes,no,no,no,yes,no,no,yes,yes,yes,no,no,no,no,no,yes,no,no,no,no,no
ERR033617,10,no,no,no,no,no,no,no,no,no,no,no,no,no,no,no,yes,yes,yes,no,no,yes,yes,no,no,no,no,no,no,no,no,no,yes,no,no,yes,yes,yes,no,no,no,no,no,yes,no,no,no,no,no
ERR033618,11,no,no,no,no,no,no,no,yes,no,no,no,no,no,yes,no,no,yes,yes,no,no,yes,no,no,no,no,no,no,no,no,yes,no,yes,no,no,yes,yes,yes,no,no,no,no,no,yes,no,no,no,no,no
ERR033619,11,no,no,no,no,no,no,no,no,no,no,no,no,no,yes,no,no,yes,yes,no,no,yes,yes,no,no,no,no,no,no,no,yes,no,yes,no,no,yes,yes,yes,no,no,no,no,no,yes,no,no,no,no,no
ERR033620,10,no,no,no,no,no,no,no,no,no,no,no,no,no,yes,no,no,yes,yes,no,no,yes,no,no,no,no,no,no,no,no,yes,no,yes,no,no,yes,yes,yes,no,no,no,no,no,yes,no,no,no,no,no
ERR033621,10,no,no,no,no,no,no,no,no,no,no,no,no,no,yes,no,no,no,yes,no,no,yes,yes,no,no,no,no,no,no,no,yes,no,yes,no,no,yes,yes,yes,no,no,no,no,no,yes,no,no,no,no,no
ERR033622,11,no,no,no,no,no,no,no,no,no,no,no,no,no,yes,no,no,yes,yes,no,no,yes,yes,no,no,no,no,no,no,no,yes,no,yes,no,no,yes,yes,yes,no,no,no,no,no,yes,no,no,no,no,no
ERR033623,11,no,no,no,no,no,no,no,no,no,no,no,no,no,yes,no,no,yes,yes,no,no,yes,yes,no,no,no,no,no,no,no,yes,no,yes,no,no,yes,yes,yes,no,no,no,no,no,yes,no,no,no,no,no
ERR033624,10,no,no,no,no,no,no,no,no,no,no,no,no,no,yes,no,no,yes,yes,no,no,yes,yes,no,no,no,no,no,no,no,yes,no,yes,no,no,yes,no,yes,no,no,no,no,no,yes,no,no,no,no,no
ERR033625,11,no,no,no,no,no,no,no,yes,no,no,no,no,no,yes,no,no,yes,yes,no,no,yes,yes,no,no,no,no,no,no,no,yes,no,yes,no,no,yes,yes,yes,no,no,no,no,no,no,no,no,no,no,no
ERR033628,9,no,no,no,no,no,no,no,no,no,no,no,no,no,no,no,no,yes,yes,no,no,yes,yes,no,no,no,no,no,no,no,no,no,yes,no,no,yes,yes,yes,no,no,no,no,no,yes,no,no,no,no,no
ERR033629,8,no,no,no,no,no,no,no,no,no,no,no,no,no,no,no,no,yes,yes,no,no,yes,no,no,no,no,no,no,no,no,no,no,yes,no,no,yes,yes,yes,no,no,no,no,no,yes,no,no,no,no,no
ERR033630,10,no,no,no,no,no,no,no,no,no,no,no,no,no,yes,no,no,yes,yes,no,no,yes,yes,no,no,no,no,no,no,no,no,no,yes,no,no,yes,yes,yes,no,no,no,no,no,yes,no,no,no,no,no
ERR033631,12,no,no,no,no,no,no,no,no,no,no,no,no,no,yes,no,no,yes,yes,no,no,yes,yes,no,no,no,no,no,no,no,no,no,yes,no,no,yes,yes,yes,no,no,no,no,no,yes,yes,no,yes,no,no
ERR033632,11,no,no,no,no,no,no,no,no,no,no,no,no,no,yes,no,yes,yes,yes,no,no,yes,yes,no,no,no,no,no,no,no,no,no,yes,no,no,yes,yes,yes,no,no,no,no,no,yes,no,no,no,no,no
ERR033633,12,no,no,no,no,no,no,no,no,no,no,no,no,no,yes,no,no,yes,yes,no,no,yes,yes,no,no,no,no,no,no,no,no,no,yes,no,no,yes,yes,yes,no,no,no,no,no,yes,yes,no,yes,no,no
ERR033635,13,no,no,yes,no,no,yes,no,no,no,no,no,no,no,yes,no,yes,yes,yes,no,no,yes,yes,no,no,no,no,no,no,no,no,no,yes,no,no,yes,yes,yes,no,no,no,no,no,yes,no,no,no,no,no
ERR033636,15,no,yes,no,no,no,no,no,no,no,no,no,no,no,yes,yes,yes,yes,yes,no,no,yes,yes,no,no,no,no,no,no,no,yes,no,yes,no,no,yes,yes,yes,yes,no,no,no,no,yes,no,no,no,no,no
ERR033637,11,no,no,no,no,no,no,no,no,no,no,no,no,no,yes,no,yes,yes,yes,no,no,yes,yes,no,no,no,no,no,no,no,no,no,yes,no,no,yes,yes,yes,no,no,no,no,no,yes,no,no,no,no,no
ERR033639,9,no,no,no,no,no,no,no,no,no,no,no,no,no,no,no,no,yes,yes,no,no,yes,yes,no,no,no,no,no,no,no,no,no,yes,no,no,yes,yes,yes,no,no,no,no,no,yes,no,no,no,no,no
ERR033641,12,no,no,no,no,no,no,no,yes,no,no,no,no,no,yes,no,yes,yes,yes,no,no,yes,yes,no,no,no,no,no,no,no,yes,no,yes,no,no,no,yes,yes,no,no,no,no,no,yes,no,no,no,no,no
ERR033642,17,no,yes,yes,no,no,yes,no,no,no,no,no,no,no,yes,no,yes,yes,yes,no,no,yes,yes,no,no,no,no,no,no,no,yes,no,yes,yes,yes,yes,yes,yes,no,no,no,no,no,yes,no,no,no,no,no
ERR033643,9,no,no,no,no,no,no,no,no,no,no,no,no,no,yes,no,no,yes,yes,no,no,yes,no,no,no,no,no,no,no,no,no,no,yes,no,no,yes,yes,yes,no,no,no,no,no,yes,no,no,no,no,no
ERR033644,12,no,no,yes,no,no,yes,no,no,no,no,no,no,no,yes,no,no,yes,yes,no,no,yes,yes,no,no,no,no,no,no,no,no,no,yes,no,no,yes,yes,yes,no,no,no,no,no,yes,no,no,no,no,no
ERR033645,4,no,no,no,no,no,no,no,no,no,no,no,no,no,yes,no,no,no,no,no,no,yes,yes,no,no,no,no,no,no,no,no,no,no,no,no,no,no,yes,no,no,no,no,no,no,no,no,no,no,no
ERR033646,17,no,yes,yes,no,no,yes,no,no,no,no,no,no,no,yes,no,yes,yes,yes,no,no,yes,yes,no,no,no,no,no,no,no,yes,no,yes,yes,yes,yes,yes,yes,no,no,no,no,no,yes,no,no,no,no,no
ERR033647,10,no,no,no,no,no,no,no,no,no,no,no,no,no,no,no,yes,yes,yes,no,no,yes,yes,no,no,no,no,no,no,no,no,no,yes,no,no,yes,yes,yes,no,no,no,no,no,yes,no,no,no,no,no
ERR033648,11,no,no,no,no,no,no,no,no,no,no,no,no,no,yes,no,no,yes,yes,no,no,yes,yes,no,no,no,no,no,no,no,yes,no,yes,no,no,yes,yes,yes,no,no,no,no,no,yes,no,no,no,no,no
ERR033649,17,no,yes,yes,no,no,yes,no,no,no,no,no,no,no,yes,no,yes,yes,yes,no,no,yes,yes,no,no,no,no,no,no,no,yes,no,yes,yes,yes,yes,yes,yes,no,no,no,no,no,yes,no,no,no,no,no
ERR033650,17,no,yes,yes,no,no,yes,no,no,no,no,no,no,no,yes,no,yes,yes,yes,no,no,yes,yes,no,no,no,no,no,no,no,yes,no,yes,yes,yes,yes,yes,yes,no,no,no,no,no,yes,no,no,no,no,no
ERR033651,11,no,no,no,no,no,no,no,no,no,no,no,no,no,yes,no,yes,yes,yes,no,no,yes,yes,no,no,no,no,no,no,no,no,no,yes,no,no,yes,yes,yes,no,no,no,no,no,yes,no,no,no,no,no
ERR033652,11,no,no,no,no,no,no,no,no,no,no,no,no,no,yes,no,yes,yes,yes,no,no,yes,yes,no,no,no,no,no,no,no,no,no,yes,no,no,yes,yes,yes,no,no,no,no,no,yes,no,no,no,no,no
ERR033706,10,no,no,no,no,no,no,no,no,no,no,no,no,no,yes,no,no,yes,yes,no,no,yes,yes,no,no,no,no,no,no,no,no,no,yes,no,no,yes,yes,yes,no,no,no,no,no,yes,no,no,no,no,no
ERR033707,12,no,no,no,no,no,no,no,no,no,no,no,no,no,yes,no,yes,yes,yes,no,no,yes,yes,no,yes,no,no,no,no,no,no,no,yes,no,no,yes,yes,yes,no,no,no,no,no,yes,no,no,no,no,no
ERR033710,14,yes,yes,no,no,no,no,no,no,no,no,no,no,no,yes,no,yes,yes,yes,no,no,yes,yes,no,no,no,no,no,no,no,yes,no,yes,no,no,yes,yes,yes,no,no,no,no,no,yes,no,no,no,no,no
ERR033711,12,no,no,yes,no,no,yes,no,no,no,no,no,no,no,yes,no,no,yes,yes,no,no,yes,yes,no,no,no,no,no,no,no,no,no,yes,no,no,yes,yes,yes,no,no,no,no,no,yes,no,no,no,no,no
ERR033712,10,no,no,no,no,no,no,no,no,no,no,no,no,no,yes,no,no,yes,yes,no,no,yes,yes,no,no,no,no,no,no,no,no,no,yes,no,no,yes,yes,yes,no,no,no,no,no,yes,no,no,no,no,no
ERR033713,10,no,no,no,no,no,no,no,no,no,no,no,no,no,no,no,yes,yes,yes,no,no,yes,yes,no,no,no,no,no,no,no,no,no,yes,no,no,yes,yes,yes,no,no,no,no,no,yes,no,no,no,no,no
ERR033714,10,no,no,no,no,no,no,no,no,no,no,no,no,no,yes,no,no,yes,yes,no,no,yes,yes,no,no,no,no,no,no,no,no,no,yes,no,no,yes,yes,yes,no,no,no,no,no,yes,no,no,no,no,no
ERR033715,17,no,yes,yes,no,no,yes,no,no,no,no,no,no,no,yes,no,yes,yes,yes,no,no,yes,yes,no,no,no,no,no,no,no,yes,no,yes,yes,yes,yes,yes,yes,no,no,no,no,no,yes,no,no,no,no,no
ERR033717,10,no,no,no,no,no,no,no,no,no,no,no,no,no,no,no,yes,yes,yes,no,no,yes,yes,no,no,no,no,no,no,no,no,no,yes,no,no,yes,yes,yes,no,no,no,no,no,yes,no,no,no,no,no
ERR038658,11,no,no,no,no,no,no,no,no,no,no,no,no,no,yes,no,yes,yes,yes,no,no,yes,yes,no,no,no,no,no,no,no,no,no,yes,no,no,yes,yes,yes,no,no,no,no,no,yes,no,no,no,no,no
ERR038659,11,no,no,no,no,no,no,no,no,no,no,no,no,no,yes,no,yes,yes,yes,no,no,yes,yes,no,no,no,no,no,no,no,no,no,yes,no,no,yes,yes,yes,no,no,no,no,no,yes,no,no,no,no,no
ERR038660,10,no,no,no,no,no,no,no,no,no,no,no,no,no,yes,no,no,yes,yes,no,no,yes,yes,no,no,no,no,no,no,no,no,no,yes,no,no,yes,yes,yes,no,no,no,no,no,yes,no,no,no,no,no
ERR038661,14,no,yes,no,no,no,no,no,no,no,no,no,no,no,yes,no,yes,yes,yes,no,no,yes,yes,no,no,no,no,no,yes,no,yes,no,yes,no,no,yes,yes,yes,no,no,no,no,no,yes,no,no,no,no,no
ERR038662,11,no,no,no,no,no,no,no,no,no,no,no,no,no,yes,no,yes,yes,yes,no,no,yes,yes,no,no,no,no,no,no,no,no,no,yes,no,no,yes,yes,yes,no,no,no,no,no,yes,no,no,no,no,no
ERR038663,11,no,no,no,no,no,no,no,no,no,no,no,no,no,yes,no,yes,yes,yes,no,no,yes,yes,no,no,no,no,no,no,no,no,no,yes,no,no,yes,yes,yes,no,no,no,no,no,yes,no,no,no,no,no
ERR038664,11,no,no,no,no,no,no,no,no,no,no,no,no,no,yes,no,yes,yes,yes,no,no,yes,yes,no,no,no,no,no,no,no,no,no,yes,no,no,yes,yes,yes,no,no,no,no,no,yes,no,no,no,no,no
ERR038665,11,no,no,no,no,no,no,no,no,no,no,no,no,no,yes,no,yes,yes,yes,no,no,yes,yes,no,no,no,no,no,no,no,no,no,yes,no,no,yes,yes,yes,no,no,no,no,no,yes,no,no,no,no,no
ERR038666,13,no,no,no,no,no,no,no,yes,no,no,no,no,no,yes,no,yes,yes,yes,no,no,yes,yes,no,no,no,no,no,no,no,yes,no,yes,no,no,yes,yes,yes,no,no,no,no,no,yes,no,no,no,no,no
ERR038667,14,no,no,no,no,no,no,no,yes,no,no,no,no,no,yes,no,yes,yes,yes,no,no,yes,yes,no,no,no,no,no,no,no,yes,no,yes,no,no,yes,yes,yes,no,no,no,no,no,yes,yes,no,no,no,no
ERR038668,13,no,no,yes,no,no,yes,no,no,no,no,no,no,no,yes,no,no,yes,yes,no,no,yes,yes,no,no,no,no,no,no,no,no,no,yes,no,no,yes,yes,yes,no,no,no,no,no,yes,no,no,yes,no,no
ERR038669,10,no,no,no,no,no,no,no,no,no,no,no,no,no,yes,no,no,yes,yes,no,no,yes,yes,no,no,no,no,no,no,no,no,no,yes,no,no,yes,yes,yes,no,no,no,no,no,yes,no,no,no,no,no
ERR038670,12,no,no,no,no,no,no,no,yes,no,no,no,no,no,yes,no,yes,yes,yes,no,no,yes,yes,no,no,no,no,no,no,no,no,no,yes,no,no,yes,yes,yes,no,no,no,no,no,yes,no,no,no,no,no
ERR038671,11,no,no,no,no,no,no,no,no,no,no,no,no,no,yes,no,yes,yes,yes,no,no,yes,yes,no,no,no,no,no,no,no,no,no,yes,no,no,yes,yes,yes,no,no,no,no,no,yes,no,no,no,no,no
ERR038672,11,no,no,no,no,no,no,no,no,no,no,no,no,no,yes,no,yes,yes,yes,no,no,yes,yes,no,no,no,no,no,no,no,no,no,yes,no,no,yes,yes,yes,no,no,no,no,no,yes,no,no,no,no,no
ERR038673,12,no,no,no,no,no,no,no,yes,no,no,no,no,no,yes,no,yes,yes,yes,no,no,yes,yes,no,no,no,no,no,no,no,no,no,yes,no,no,yes,yes,yes,no,no,no,no,no,yes,no,no,no,no,no
ERR038675,10,no,no,no,no,no,no,no,no,no,no,no,no,no,yes,no,no,yes,yes,no,no,yes,yes,no,no,no,no,no,no,no,no,no,yes,no,no,yes,yes,yes,no,no,no,no,no,yes,no,no,no,no,no
ERR038678,18,yes,no,yes,yes,no,yes,no,no,no,no,no,no,no,yes,yes,yes,yes,yes,no,yes,yes,no,no,no,no,no,no,no,no,yes,no,yes,no,no,yes,yes,yes,no,no,no,yes,no,yes,no,no,no,no,no
ERR038680,11,no,no,no,no,no,no,no,no,no,no,no,no,no,yes,no,yes,yes,yes,no,no,yes,yes,no,no,no,no,no,no,no,no,no,yes,no,no,yes,yes,yes,no,no,no,no,no,yes,no,no,no,no,no
ERR038681,23,yes,no,yes,yes,no,yes,no,yes,no,no,no,no,no,yes,no,yes,yes,yes,no,no,yes,yes,no,yes,no,no,no,no,no,yes,no,yes,yes,yes,yes,yes,yes,no,no,no,yes,no,yes,yes,no,yes,no,no
ERR038682,11,no,no,no,no,no,no,no,no,no,no,no,no,no,yes,no,yes,yes,yes,no,no,yes,yes,no,no,no,no,no,no,no,no,no,yes,no,no,yes,yes,yes,no,no,no,no,no,yes,no,no,no,no,no
ERR038683,19,yes,no,no,yes,no,no,no,no,no,no,no,no,no,yes,yes,yes,yes,yes,no,no,yes,yes,no,no,no,no,no,no,no,yes,no,yes,yes,yes,yes,yes,yes,no,no,no,no,no,yes,yes,no,yes,no,no
ERR038685,13,no,no,yes,no,no,yes,no,no,no,no,no,no,no,yes,no,yes,yes,yes,no,no,yes,yes,no,no,no,no,no,no,no,no,no,yes,no,no,yes,yes,yes,no,no,no,no,no,yes,no,no,no,no,no
ERR038686,11,no,no,no,no,no,no,no,no,no,no,no,no,no,yes,no,no,yes,yes,no,no,yes,yes,no,no,no,no,no,no,no,yes,no,yes,no,no,yes,yes,yes,no,no,no,no,no,yes,no,no,no,no,no
ERR038689,10,no,no,no,no,no,no,no,no,no,no,no,no,no,yes,no,no,yes,yes,no,no,yes,yes,no,no,no,no,no,no,no,no,no,yes,no,no,yes,yes,yes,no,no,no,no,no,yes,no,no,no,no,no
ERR039388,10,no,no,no,no,no,no,no,no,no,no,no,no,no,no,no,yes,yes,yes,no,no,yes,yes,no,no,no,no,no,no,no,no,no,yes,no,no,yes,yes,yes,no,no,no,no,no,yes,no,no,no,no,no
ERR039389,11,no,no,no,no,no,no,no,no,no,no,no,no,no,yes,no,yes,yes,yes,no,no,yes,yes,no,no,no,no,no,no,no,no,no,yes,no,no,yes,yes,yes,no,no,no,no,no,yes,no,no,no,no,no
ERR039390,10,no,no,no,no,no,no,no,no,no,no,no,no,no,yes,no,no,yes,yes,no,no,yes,yes,no,no,no,no,no,no,no,no,no,yes,no,no,yes,yes,yes,no,no,no,no,no,yes,no,no,no,no,no
ERR039391,10,no,no,no,no,no,no,no,no,no,no,no,no,no,yes,no,no,yes,yes,no,no,yes,yes,no,no,no,no,no,no,no,no,no,yes,no,no,yes,yes,yes,no,no,no,no,no,yes,no,no,no,no,no
ERR039393,11,no,no,no,no,no,no,no,no,no,no,no,no,no,yes,no,yes,yes,yes,no,no,yes,yes,no,no,no,no,no,no,no,no,no,yes,no,no,yes,yes,yes,no,no,no,no,no,yes,no,no,no,no,no
ERR039396,13,no,no,no,yes,no,no,no,no,no,no,no,no,no,yes,no,yes,yes,yes,no,no,yes,yes,no,no,no,no,no,no,no,no,no,yes,no,no,yes,yes,yes,no,no,no,yes,no,yes,no,no,no,no,no
ERR039397,10,no,no,no,no,no,no,no,no,no,no,no,no,no,yes,no,no,yes,yes,no,no,yes,yes,no,no,no,no,no,no,no,no,no,yes,no,no,yes,yes,yes,no,no,no,no,no,yes,no,no,no,no,no
ERR039398,11,no,no,no,no,no,no,no,no,no,no,no,no,no,yes,no,yes,yes,yes,no,no,yes,yes,no,no,no,no,no,no,no,no,no,yes,no,no,yes,yes,yes,no,no,no,no,no,yes,no,no,no,no,no
ERR045842,12,no,no,no,no,no,no,no,yes,no,no,no,no,no,yes,no,no,yes,yes,no,no,yes,yes,no,no,no,no,no,no,no,yes,no,yes,no,no,yes,yes,yes,no,no,no,no,no,yes,no,no,no,no,no
ERR045843,11,no,no,no,no,no,no,no,no,no,no,no,no,no,yes,no,yes,yes,yes,no,no,yes,yes,no,no,no,no,no,no,no,no,no,yes,no,no,yes,yes,yes,no,no,no,no,no,yes,no,no,no,no,no
ERR045844,11,no,no,no,no,no,no,no,no,no,no,no,no,no,yes,no,yes,yes,yes,no,no,yes,yes,no,no,no,no,no,no,no,no,no,yes,no,no,yes,yes,yes,no,no,no,no,no,yes,no,no,no,no,no
ERR084604,8,no,no,no,no,no,no,no,no,no,no,no,no,no,yes,no,no,yes,yes,no,no,yes,no,no,no,no,no,no,no,no,yes,no,no,no,no,no,yes,yes,no,no,no,no,no,yes,no,no,no,no,no
ERR084607,12,no,no,yes,no,no,yes,no,no,no,no,no,no,no,yes,no,no,yes,yes,no,no,yes,yes,no,no,no,no,no,no,no,no,no,yes,no,no,yes,yes,yes,no,no,no,no,no,yes,no,no,no,no,no
ERR084609,10,no,no,no,no,no,no,no,no,no,no,no,no,no,yes,no,no,yes,yes,no,no,yes,yes,no,no,no,no,no,no,no,no,no,yes,no,no,yes,yes,yes,no,no,no,no,no,yes,no,no,no,no,no
ERR084610,16,no,no,no,no,no,no,no,no,no,no,no,no,no,yes,no,yes,yes,yes,yes,no,yes,yes,no,no,no,no,yes,no,no,no,no,yes,no,no,yes,yes,yes,no,yes,yes,no,no,yes,yes,no,no,no,no
ERR084611,6,no,no,no,no,no,no,no,no,no,no,no,no,no,yes,no,no,yes,no,no,no,no,no,no,no,no,no,no,yes,no,no,no,no,no,no,no,yes,yes,no,no,no,no,no,no,yes,no,no,no,no
ERR084614,10,no,no,no,no,no,no,no,no,no,no,no,no,no,no,no,no,yes,yes,no,no,yes,yes,no,no,no,no,no,no,yes,no,no,yes,no,no,yes,yes,yes,no,no,no,no,no,yes,no,no,no,no,no
ERR084615,10,no,no,no,no,no,no,no,no,no,no,no,no,no,yes,no,no,yes,yes,no,no,yes,yes,no,no,no,no,no,no,no,no,no,yes,no,no,yes,yes,yes,no,no,no,no,no,yes,no,no,no,no,no
ERR084616,9,no,no,no,no,no,no,no,no,no,no,no,no,no,no,no,no,yes,yes,no,no,yes,yes,no,no,no,no,no,no,no,no,no,yes,no,no,yes,yes,yes,no,no,no,no,no,yes,no,no,no,no,no
ERR084618,9,no,no,no,no,no,no,no,no,no,no,no,no,no,no,no,no,yes,yes,no,no,yes,yes,no,no,no,no,no,no,no,no,no,yes,no,no,yes,yes,yes,no,no,no,no,no,yes,no,no,no,no,no
ERR084635,11,no,no,no,no,no,no,no,yes,no,no,no,no,no,yes,no,no,yes,yes,no,no,yes,yes,no,no,no,no,no,no,no,no,no,yes,no,no,yes,yes,yes,no,no,no,no,no,yes,no,no,no,no,no
ERR084636,11,no,no,no,no,no,no,no,no,no,no,no,no,no,yes,no,yes,yes,yes,no,no,yes,yes,no,no,no,no,no,no,no,no,no,yes,no,no,yes,yes,yes,no,no,no,no,no,yes,no,no,no,no,no
ERR084637,12,no,no,no,no,no,no,no,no,no,no,no,no,no,no,no,yes,yes,yes,no,no,yes,yes,yes,no,no,no,no,no,no,no,no,yes,no,no,yes,yes,yes,no,no,no,yes,no,yes,no,no,no,no,no
ERR084727,11,no,no,no,no,no,no,no,no,no,no,no,no,yes,no,no,no,yes,yes,no,no,yes,yes,no,no,no,no,no,no,no,no,yes,yes,no,no,yes,yes,yes,no,no,no,no,no,yes,no,no,no,no,no
ERR084730,11,no,no,no,no,no,no,no,no,no,no,no,no,yes,no,no,no,yes,yes,no,no,yes,yes,no,no,no,no,no,no,no,no,yes,yes,no,no,yes,yes,yes,no,no,no,no,no,yes,no,no,no,no,no
ERR084731,11,no,no,no,no,no,no,no,no,no,no,no,no,yes,no,no,no,yes,yes,no,no,yes,yes,no,no,no,no,no,no,no,no,yes,yes,no,no,yes,yes,yes,no,no,no,no,no,yes,no,no,no,no,no
ERR084734,11,no,no,no,no,no,no,no,no,no,no,no,no,yes,no,no,no,yes,yes,no,no,yes,yes,no,no,no,no,no,no,no,no,yes,yes,no,no,yes,yes,yes,no,no,no,no,no,yes,no,no,no,no,no
ERR084753,11,no,no,no,no,no,no,no,no,no,no,no,no,yes,no,no,no,yes,yes,no,no,yes,yes,no,no,no,no,no,no,no,no,yes,yes,no,no,yes,yes,yes,no,no,no,no,no,yes,no,no,no,no,no
ERR084755,11,no,no,no,no,no,no,no,no,no,no,no,no,yes,no,no,no,yes,yes,no,no,yes,yes,no,no,no,no,no,no,no,no,yes,yes,no,no,yes,yes,yes,no,no,no,no,no,yes,no,no,no,no,no
ERR084757,11,no,no,no,no,no,no,no,no,no,no,no,no,yes,no,no,no,yes,yes,no,no,yes,yes,no,no,no,no,no,no,no,no,yes,yes,no,no,yes,yes,yes,no,no,no,no,no,yes,no,no,no,no,no
ERR114861,12,yes,no,no,no,no,no,no,no,no,no,no,no,no,yes,no,yes,yes,yes,no,no,yes,yes,no,no,no,no,no,no,no,no,no,yes,no,no,yes,yes,yes,no,no,no,no,no,yes,no,no,no,no,no
ERR144809,9,no,no,no,no,no,no,no,no,no,no,no,no,no,no,no,no,yes,yes,no,no,yes,yes,no,no,no,no,no,no,no,no,no,yes,no,no,yes,yes,yes,no,no,no,no,no,yes,no,no,no,no,no
ERR144823,6,no,no,no,no,no,no,no,no,no,no,no,no,no,yes,no,no,no,yes,no,no,no,yes,no,no,no,no,no,no,no,no,no,yes,no,no,yes,no,yes,no,no,no,no,no,no,no,no,no,no,no
ERR144824,7,no,no,no,no,no,no,no,no,no,no,no,no,no,no,no,no,no,yes,no,no,yes,no,no,no,no,no,no,no,no,no,no,yes,no,no,yes,yes,yes,no,no,no,no,no,yes,no,no,no,no,no
ERR144827,5,no,no,no,no,no,no,no,no,no,no,no,no,no,no,no,no,no,no,no,no,no,no,no,no,no,no,no,no,no,yes,no,yes,no,no,yes,yes,yes,no,no,no,no,no,no,no,no,no,no,no
ERR144831,11,no,no,no,no,no,no,no,no,no,no,no,no,no,yes,no,yes,yes,yes,no,no,yes,yes,no,no,no,no,no,no,no,no,no,yes,no,no,yes,yes,yes,no,no,no,no,no,yes,no,no,no,no,no
ERR156334,17,yes,yes,no,no,no,no,no,no,yes,no,no,no,no,yes,no,no,yes,yes,no,no,yes,yes,no,no,yes,no,no,no,no,yes,no,yes,no,no,yes,yes,yes,no,no,no,no,no,yes,no,yes,yes,no,no
ERR156335,14,no,no,no,no,no,no,no,no,no,no,no,no,yes,yes,no,yes,yes,yes,no,no,yes,yes,no,no,no,no,no,no,no,yes,no,yes,no,no,yes,yes,yes,no,no,no,no,no,yes,yes,no,no,no,no
ERR156340,14,no,no,no,no,no,no,no,no,no,no,no,no,no,yes,no,yes,yes,yes,no,no,yes,yes,no,no,no,no,no,no,no,yes,no,yes,no,no,yes,yes,yes,yes,yes,no,no,no,yes,no,no,no,no,no
ERR156379,11,no,no,no,no,no,no,no,no,no,no,no,no,yes,no,no,no,yes,yes,no,no,yes,yes,no,no,no,no,no,no,no,no,yes,yes,no,no,yes,yes,yes,no,no,no,no,no,yes,no,no,no,no,no
ERR156384,11,no,no,no,no,no,no,no,no,no,no,no,no,yes,no,no,no,yes,yes,no,no,yes,yes,no,no,no,no,no,no,no,no,yes,yes,no,no,yes,yes,yes,no,no,no,no,no,yes,no,no,no,no,no
ERR156400,12,no,no,no,no,no,no,no,no,no,no,no,no,yes,no,no,yes,yes,yes,no,no,yes,yes,no,no,no,no,no,no,no,no,yes,yes,no,no,yes,yes,yes,no,no,no,no,no,yes,no,no,no,no,no
ERR156415,11,no,no,no,no,no,no,no,no,no,no,no,no,yes,no,no,no,yes,yes,no,no,yes,yes,no,no,no,no,no,no,no,no,yes,yes,no,no,yes,yes,yes,no,no,no,no,no,yes,no,no,no,no,no
ERR156423,9,no,no,no,no,no,no,no,no,no,no,no,no,no,no,no,no,yes,yes,no,no,yes,yes,no,no,no,no,no,no,no,no,no,yes,no,no,yes,yes,yes,no,no,no,no,no,yes,no,no,no,no,no
ERR156425,10,no,no,no,no,no,no,no,no,no,no,no,no,no,no,no,yes,yes,yes,no,no,yes,yes,no,no,no,no,no,no,no,no,no,yes,no,no,yes,yes,yes,no,no,no,no,no,yes,no,no,no,no,no
ERR163372,10,no,no,no,no,no,no,no,no,no,no,no,no,no,yes,no,no,yes,yes,no,no,yes,yes,no,no,no,no,no,no,no,no,no,yes,no,no,yes,yes,yes,no,no,no,no,no,yes,no,no,no,no,no
ERR163398,9,no,no,no,no,no,no,no,no,no,no,no,no,no,no,no,no,yes,yes,no,no,yes,yes,no,no,no,no,no,no,no,no,no,yes,no,no,yes,yes,yes,no,no,no,no,no,yes,no,no,no,no,no
ERR163404,10,no,no,no,no,no,no,no,no,no,no,no,no,no,no,no,no,yes,yes,yes,no,yes,yes,no,no,no,no,no,no,no,no,no,yes,no,no,yes,yes,yes,no,no,no,no,no,yes,no,no,no,no,no
ERR163406,9,no,no,no,no,no,no,no,no,no,no,no,no,no,no,no,no,yes,yes,no,no,yes,yes,no,no,no,no,no,no,no,no,no,yes,no,no,yes,yes,yes,no,no,no,no,no,yes,no,no,no,no,no
ERR163408,9,no,no,no,no,no,no,no,no,no,no,no,no,no,no,no,no,yes,yes,no,no,yes,yes,no,no,no,no,no,no,no,no,no,yes,no,no,yes,yes,yes,no,no,no,no,no,yes,no,no,no,no,no
ERR163414,9,no,no,no,no,no,no,no,no,no,no,no,no,no,no,no,no,yes,yes,no,no,yes,yes,no,no,no,no,no,no,no,no,no,yes,no,no,yes,yes,yes,no,no,no,no,no,yes,no,no,no,no,no
ERR163417,10,no,no,no,no,no,no,no,no,no,no,no,no,no,no,no,yes,yes,yes,no,no,yes,yes,no,no,no,no,no,no,no,no,no,yes,no,no,yes,yes,yes,no,no,no,no,no,yes,no,no,no,no,no
ERR163418,10,no,no,no,no,no,no,no,no,no,no,no,no,no,no,no,yes,yes,yes,no,no,yes,yes,no,no,no,no,no,no,no,no,no,yes,no,no,yes,yes,yes,no,no,no,no,no,yes,no,no,no,no,no
ERR163423,10,no,no,no,no,no,no,no,no,no,no,no,no,no,yes,no,no,yes,yes,no,no,yes,yes,no,no,no,no,no,no,no,no,no,yes,no,no,yes,yes,yes,no,no,no,no,no,yes,no,no,no,no,no
ERR163434,12,no,no,no,no,no,no,no,no,no,no,no,no,yes,yes,no,no,yes,yes,no,no,yes,yes,no,no,no,no,no,no,no,no,yes,yes,no,no,yes,yes,yes,no,no,no,no,no,yes,no,no,no,no,no
ERR163442,11,no,no,no,no,no,no,no,no,no,no,no,no,yes,no,no,no,yes,yes,no,no,yes,yes,no,no,no,no,no,no,no,no,yes,yes,no,no,yes,yes,yes,no,no,no,no,no,yes,no,no,no,no,no
ERR163449,9,no,no,no,no,no,no,no,no,no,no,no,no,no,no,no,no,yes,yes,no,no,yes,yes,no,no,no,no,no,no,no,no,no,yes,no,no,yes,yes,yes,no,no,no,no,no,yes,no,no,no,no,no
ERR175852,10,no,no,no,no,no,no,no,yes,no,no,no,no,no,no,no,no,yes,yes,no,no,yes,yes,no,no,no,no,no,no,no,no,no,yes,no,no,yes,yes,yes,no,no,no,no,no,yes,no,no,no,no,no
ERR175874,10,no,no,no,no,no,no,no,no,no,no,no,no,yes,no,no,no,yes,yes,no,no,yes,yes,no,no,no,no,no,no,no,no,no,yes,no,no,yes,yes,yes,no,no,no,no,no,yes,no,no,no,no,no
ERR175881,10,no,no,no,no,no,no,no,no,no,no,no,no,no,yes,no,no,yes,yes,no,no,yes,yes,no,no,no,no,no,no,no,no,no,yes,no,no,yes,yes,yes,no,no,no,no,no,yes,no,no,no,no,no
ERR175882,10,no,no,no,no,no,no,no,no,no,no,no,no,no,yes,no,no,yes,yes,no,no,yes,yes,no,no,no,no,no,no,no,no,no,yes,no,no,yes,yes,yes,no,no,no,no,no,yes,no,no,no,no,no
ERR175892,10,no,no,no,no,no,no,no,no,no,no,no,no,no,yes,no,no,yes,yes,no,no,yes,yes,no,no,no,no,no,no,no,no,no,yes,no,no,yes,yes,yes,no,no,no,no,no,yes,no,no,no,no,no
ERR175899,11,no,no,no,no,no,no,no,no,no,no,no,no,no,yes,no,yes,yes,yes,no,no,yes,yes,no,no,no,no,no,no,no,no,no,yes,no,no,yes,yes,yes,no,no,no,no,no,yes,no,no,no,no,no
ERR175902,9,no,no,no,no,no,no,no,no,no,no,no,no,no,no,no,no,yes,yes,no,no,yes,yes,no,no,no,no,no,no,no,no,no,yes,no,no,yes,yes,yes,no,no,no,no,no,yes,no,no,no,no,no
ERR1801378,1,no,no,no,no,no,no,no,no,no,no,no,no,no,no,no,no,no,no,no,no,no,no,no,no,no,no,no,no,no,no,no,no,no,no,no,no,no,no,no,no,no,no,no,yes,no,no,no,no
ERR1801387,1,no,no,no,no,no,no,no,no,no,no,no,no,no,no,no,no,no,no,no,no,no,no,no,no,no,no,no,no,no,no,no,no,no,no,no,no,no,no,no,no,no,no,no,no,yes,no,no,no
ERR1801389,1,no,no,no,no,no,no,no,no,no,no,no,no,no,no,no,no,no,no,no,no,no,no,no,no,no,no,no,no,no,no,no,no,no,no,no,no,no,no,no,no,no,no,no,yes,no,no,no,no
ERR1801396,1,no,no,no,no,no,no,no,no,no,no,no,no,no,no,no,no,no,no,no,no,no,no,no,no,no,no,no,no,no,no,no,no,no,no,no,no,no,no,no,no,no,no,no,yes,no,no,no,no
ERR1801398,2,no,no,no,no,no,no,no,yes,no,no,no,no,no,no,no,no,no,no,no,no,no,no,no,no,no,no,no,no,no,no,no,no,no,no,no,no,no,no,no,no,no,no,no,yes,no,no,no,no
ERR1801399,1,no,no,no,no,no,no,no,no,no,no,no,no,no,no,no,no,no,no,no,no,no,no,no,no,no,no,no,no,no,no,no,no,no,no,no,no,no,no,no,no,no,no,no,yes,no,no,no,no
ERR1801400,10,no,no,no,no,no,no,no,no,no,no,no,no,no,no,no,yes,yes,yes,no,no,yes,yes,no,no,no,no,no,no,no,no,no,yes,no,no,yes,yes,yes,no,no,no,no,no,yes,no,no,no,no,no
ERR1801401,11,no,no,no,no,no,no,no,no,no,no,no,no,no,yes,no,yes,yes,yes,no,no,yes,yes,no,no,no,no,no,no,no,no,no,yes,no,no,yes,yes,yes,no,no,no,no,no,yes,no,no,no,no,no
ERR211634,9,no,no,no,no,no,no,no,no,no,no,no,no,no,no,no,no,yes,yes,no,no,yes,yes,no,no,no,no,no,no,no,no,no,yes,no,no,yes,yes,yes,no,no,no,no,no,yes,no,no,no,no,no
ERR211686,10,no,no,no,no,no,no,no,no,no,no,no,no,no,yes,no,no,yes,yes,no,no,yes,yes,no,no,no,no,no,no,no,no,no,yes,no,no,yes,yes,yes,no,no,no,no,no,yes,no,no,no,no,no
ERR211695,13,no,no,no,no,no,no,no,no,no,no,no,no,no,yes,no,yes,yes,yes,no,no,yes,yes,no,no,no,no,no,yes,no,no,no,yes,no,no,yes,yes,yes,no,no,no,no,no,yes,yes,no,no,no,no
ERR227480,14,no,no,no,no,no,no,no,no,no,no,no,no,no,yes,no,no,yes,yes,no,no,yes,yes,no,no,no,no,no,no,no,yes,no,yes,no,no,yes,yes,yes,no,no,no,no,no,yes,yes,no,yes,yes,no
ERR227490,9,no,no,no,no,no,no,no,no,no,no,no,no,no,no,no,no,yes,yes,no,no,yes,yes,no,no,no,no,no,no,no,no,no,yes,no,no,yes,yes,yes,no,no,no,no,no,yes,no,no,no,no,no
ERR227491,9,no,no,no,no,no,no,no,no,no,no,no,no,no,no,no,no,yes,yes,no,no,yes,yes,no,no,no,no,no,no,no,no,no,yes,no,no,yes,yes,yes,no,no,no,no,no,yes,no,no,no,no,no
ERR227517,10,no,no,no,no,no,no,no,no,no,no,no,no,no,yes,no,no,yes,yes,no,no,yes,yes,no,no,no,no,no,no,no,no,no,yes,no,no,yes,yes,yes,no,no,no,no,no,yes,no,no,no,no,no
ERR227518,10,no,no,no,no,no,no,no,no,no,no,no,no,no,yes,no,no,yes,yes,no,no,yes,yes,no,no,no,no,no,no,no,no,no,yes,no,no,yes,yes,yes,no,no,no,no,no,yes,no,no,no,no,no
ERR227529,9,no,no,no,no,no,no,no,no,no,no,no,no,no,no,no,no,yes,yes,no,no,yes,yes,no,no,no,no,no,no,no,no,no,yes,no,no,yes,yes,yes,no,no,no,no,no,yes,no,no,no,no,no
ERR227536,10,no,no,no,no,no,no,no,no,no,no,no,no,no,yes,no,no,yes,yes,no,no,yes,yes,no,no,no,no,no,no,no,no,no,yes,no,no,yes,yes,yes,no,no,no,no,no,yes,no,no,no,no,no
ERR227551,10,no,no,no,no,no,no,no,no,no,no,no,no,no,yes,no,no,yes,yes,no,no,yes,yes,no,no,no,no,no,no,no,no,no,yes,no,no,yes,yes,yes,no,no,no,no,no,yes,no,no,no,no,no
ERR227571,12,no,no,no,no,no,no,no,no,no,no,no,no,no,yes,no,no,yes,yes,no,no,yes,yes,no,no,no,no,no,no,no,yes,no,yes,no,no,yes,yes,yes,no,no,no,yes,no,yes,no,no,no,no,no
ERR227578,13,no,no,no,no,no,no,no,yes,no,no,no,no,no,yes,no,no,yes,yes,no,no,yes,yes,no,no,no,no,no,no,no,yes,no,yes,no,no,yes,yes,yes,no,no,no,yes,no,yes,no,no,no,no,no
ERR227592,12,no,no,no,no,no,no,no,no,no,no,no,no,no,yes,no,no,yes,yes,no,no,yes,yes,no,no,no,no,no,no,no,yes,no,yes,no,no,yes,yes,yes,no,no,no,yes,no,yes,no,no,no,no,no
ERR227594,11,no,no,no,no,no,no,no,yes,no,no,no,no,no,no,no,no,yes,yes,no,no,yes,yes,no,no,no,no,no,no,no,yes,no,yes,no,no,yes,yes,yes,no,no,no,no,no,yes,no,no,no,no,no
ERR227605,9,no,no,no,no,no,no,no,no,no,no,no,no,no,no,no,no,yes,yes,no,no,yes,yes,no,no,no,no,no,no,no,no,no,yes,no,no,yes,yes,yes,no,no,no,no,no,yes,no,no,no,no,no
ERR227609,10,no,no,no,no,no,no,no,no,no,no,no,no,no,yes,no,no,yes,yes,no,no,yes,yes,no,no,no,no,no,no,no,no,no,yes,no,no,yes,yes,yes,no,no,no,no,no,yes,no,no,no,no,no
ERR227615,9,no,no,no,no,no,no,no,no,no,no,no,no,no,no,no,no,yes,yes,no,no,yes,yes,no,no,no,no,no,no,no,no,no,yes,no,no,yes,yes,yes,no,no,no,no,no,yes,no,no,no,no,no
ERR227623,10,no,no,no,no,no,no,no,no,no,no,no,no,no,yes,no,no,yes,yes,no,no,yes,yes,no,no,no,no,no,no,no,no,no,yes,no,no,yes,yes,yes,no,no,no,no,no,yes,no,no,no,no,no
ERR227625,9,no,no,no,no,no,no,no,no,no,no,no,no,no,no,no,no,yes,yes,no,no,yes,yes,no,no,no,no,no,no,no,no,no,yes,no,no,yes,yes,yes,no,no,no,no,no,yes,no,no,no,no,no
ERR227632,10,no,no,no,no,no,no,no,no,no,no,no,no,no,yes,no,no,yes,yes,no,no,yes,yes,no,no,no,no,no,no,no,no,no,yes,no,no,yes,yes,yes,no,no,no,no,no,yes,no,no,no,no,no
ERR227637,10,no,no,no,no,no,no,no,no,no,no,no,no,no,yes,no,no,yes,yes,no,no,yes,yes,no,no,no,no,no,no,no,no,no,yes,no,no,yes,yes,yes,no,no,no,no,no,yes,no,no,no,no,no
ERR227651,10,no,no,no,no,no,no,no,no,no,no,no,no,no,yes,no,no,yes,yes,no,no,yes,yes,no,no,no,no,no,no,no,no,no,yes,no,no,yes,yes,yes,no,no,no,no,no,yes,no,no,no,no,no
ERR234879,13,no,no,no,no,no,no,no,no,no,no,no,no,no,yes,no,yes,yes,yes,no,no,yes,yes,no,no,no,no,no,yes,no,yes,no,yes,no,no,yes,yes,yes,no,no,no,no,no,yes,no,no,no,no,no
ERR234884,11,no,no,no,no,no,no,no,no,no,no,no,no,no,yes,no,no,yes,yes,no,no,yes,yes,no,no,no,no,no,no,no,yes,no,yes,no,no,yes,yes,yes,no,no,no,no,no,yes,no,no,no,no,no
ERR237558,10,no,no,no,no,no,no,no,no,yes,no,no,no,no,no,no,no,yes,yes,no,no,yes,yes,no,no,no,no,no,no,no,no,no,yes,no,no,yes,yes,yes,no,no,no,no,no,yes,no,no,no,no,no
ERR237566,12,no,no,no,no,no,no,no,yes,no,no,no,no,no,yes,no,yes,yes,yes,no,no,yes,yes,no,no,no,no,no,no,no,no,no,yes,no,no,yes,yes,yes,no,no,no,no,no,yes,no,no,no,no,no
ERR237574,12,no,no,yes,no,no,yes,no,no,no,no,no,no,no,yes,no,no,yes,yes,no,no,yes,yes,no,no,no,no,no,no,no,no,no,yes,no,no,yes,yes,yes,no,no,no,no,no,yes,no,no,no,no,no
ERR237611,13,yes,yes,no,no,no,no,no,no,no,no,no,no,no,yes,no,no,yes,yes,no,no,yes,yes,yes,no,no,no,no,no,no,no,no,yes,no,no,yes,yes,yes,no,no,no,no,no,yes,no,no,no,no,no
ERR237613,12,no,no,no,no,no,no,no,yes,no,no,no,no,no,yes,no,yes,yes,yes,no,no,yes,yes,no,no,no,no,no,no,no,no,no,yes,no,no,yes,yes,yes,no,no,no,no,no,yes,no,no,no,no,no
ERR237614,14,yes,no,no,no,no,no,no,yes,no,no,no,no,no,no,no,yes,yes,yes,no,no,yes,yes,no,no,no,no,no,no,no,yes,no,yes,no,no,yes,yes,yes,no,no,no,no,no,yes,no,no,yes,no,no
ERR237618,21,yes,no,yes,no,no,yes,no,yes,no,no,no,no,no,yes,no,yes,yes,yes,no,no,yes,yes,yes,no,no,no,no,yes,no,yes,no,yes,yes,yes,yes,yes,yes,no,no,yes,no,no,yes,no,no,no,no,no
ERR237620,9,no,no,no,no,no,no,no,no,no,no,no,no,no,no,no,no,yes,yes,no,no,yes,yes,no,no,no,no,no,no,no,no,no,yes,no,no,yes,yes,yes,no,no,no,no,no,yes,no,no,no,no,no
ERR237622,9,no,no,no,no,no,no,no,no,no,no,no,no,no,no,no,no,yes,yes,no,no,yes,yes,no,no,no,no,no,no,no,no,no,yes,no,no,yes,yes,yes,no,no,no,no,no,yes,no,no,no,no,no
ERR237623,9,no,no,no,no,no,no,no,no,no,no,no,no,no,no,no,no,yes,yes,no,no,yes,yes,no,no,no,no,no,no,no,no,no,yes,no,no,yes,yes,yes,no,no,no,no,no,yes,no,no,no,no,no
ERR246607,10,no,no,no,no,no,no,no,no,no,no,no,no,no,no,no,yes,yes,yes,no,no,yes,yes,no,no,no,no,no,no,no,no,no,yes,no,no,yes,yes,yes,no,no,no,no,no,yes,no,no,no,no,no
ERR246622,9,no,no,no,no,no,no,no,no,no,no,no,no,no,no,no,no,yes,yes,no,no,yes,yes,no,no,no,no,no,no,no,no,no,yes,no,no,yes,yes,yes,no,no,no,no,no,yes,no,no,no,no,no
ERR246635,10,no,no,no,no,no,no,no,no,no,no,no,no,no,no,no,no,yes,yes,no,no,yes,yes,no,no,no,no,no,no,no,no,no,yes,no,no,yes,yes,yes,no,no,no,no,no,yes,no,yes,no,no,no
ERR246655,10,no,no,no,no,no,no,no,no,no,no,no,no,no,no,no,yes,yes,yes,no,no,yes,yes,no,no,no,no,no,no,no,no,no,yes,no,no,yes,yes,yes,no,no,no,no,no,yes,no,no,no,no,no
ERR246664,10,no,no,no,no,no,no,no,no,no,no,no,no,no,yes,no,no,yes,yes,no,no,yes,yes,no,no,no,no,no,no,no,no,no,yes,no,no,yes,yes,yes,no,no,no,no,no,yes,no,no,no,no,no
ERR276883,9,no,no,no,no,no,no,no,no,no,no,no,no,no,no,no,no,yes,yes,no,no,yes,yes,no,no,no,no,no,no,no,no,no,yes,no,no,yes,yes,yes,no,no,no,no,no,yes,no,no,no,no,no
ERR276884,12,no,no,no,no,no,no,no,no,no,no,no,no,no,yes,no,no,yes,yes,no,no,yes,yes,no,no,no,no,no,no,no,yes,no,yes,no,no,yes,yes,yes,no,no,no,no,no,yes,yes,no,no,no,no
ERR276885,12,yes,no,no,no,no,no,no,no,no,no,no,no,no,yes,no,no,yes,yes,no,no,yes,yes,no,no,no,no,no,no,no,yes,no,yes,no,no,yes,yes,yes,no,no,no,no,no,yes,no,no,no,no,no
ERR276886,14,yes,no,no,no,no,no,no,no,no,no,no,no,no,yes,no,no,yes,yes,no,no,yes,yes,no,no,no,no,no,yes,no,yes,no,yes,no,no,yes,yes,yes,no,no,no,no,no,yes,yes,no,no,no,no
ERR294311,11,no,no,no,no,no,no,no,no,no,no,no,no,yes,no,no,no,yes,yes,no,no,yes,yes,no,no,no,no,no,no,no,no,yes,yes,no,no,yes,yes,yes,no,no,no,no,no,yes,no,no,no,no,no
ERR294319,12,no,no,no,no,no,no,no,no,no,no,no,no,no,yes,no,no,yes,yes,no,no,yes,yes,no,no,no,no,no,no,no,yes,no,yes,no,no,yes,yes,yes,no,no,no,no,no,yes,yes,no,no,no,no
ERR294325,9,no,no,no,no,no,no,no,no,no,no,no,no,no,no,no,no,yes,yes,no,no,yes,yes,no,no,no,no,no,no,no,no,no,yes,no,no,yes,yes,yes,no,no,no,no,no,yes,no,no,no,no,no
ERR294337,1,no,no,no,no,no,no,no,no,no,no,no,no,no,no,no,no,no,no,no,no,no,no,no,no,no,no,no,no,no,no,no,no,no,no,no,no,no,no,no,no,no,no,no,yes,no,no,no,no
ERR294339,11,no,no,no,no,no,no,no,no,no,no,no,no,no,yes,no,no,yes,yes,no,no,yes,yes,no,no,no,no,no,no,yes,no,no,yes,no,no,yes,yes,yes,no,no,no,no,no,yes,no,no,no,no,no
ERR294340,12,no,no,no,no,no,no,no,no,no,no,no,no,no,yes,no,yes,yes,yes,no,no,yes,yes,no,yes,no,no,no,no,no,no,no,yes,no,no,yes,yes,yes,no,no,no,no,no,yes,no,no,no,no,no
ERR294356,11,no,no,no,no,no,no,no,no,no,no,no,no,no,no,no,yes,yes,yes,no,no,yes,yes,no,no,no,no,no,no,no,no,no,yes,no,no,yes,yes,yes,no,no,no,no,yes,yes,no,no,no,no,no
ERR294357,1,no,no,no,no,no,no,no,no,no,no,no,no,no,no,no,no,no,no,no,no,no,no,no,no,no,no,no,no,no,no,no,no,no,no,no,no,no,no,no,no,no,no,no,yes,no,no,no,no
ERR294358,14,no,no,no,no,no,no,no,no,no,no,no,no,no,yes,no,yes,yes,yes,no,no,yes,yes,no,no,no,no,no,no,yes,no,no,yes,yes,no,yes,yes,yes,no,no,no,no,yes,yes,no,no,no,no,no
ERR294360,19,yes,yes,yes,no,no,yes,no,no,no,no,no,no,no,yes,no,yes,yes,yes,no,no,yes,yes,no,no,no,no,no,no,no,yes,no,yes,yes,yes,yes,yes,yes,no,no,no,no,yes,yes,no,no,no,no,no
ERR294363,9,no,no,no,no,no,no,no,no,no,no,no,no,no,no,no,no,yes,yes,no,no,yes,yes,no,no,no,no,no,no,no,no,no,yes,no,no,yes,yes,yes,no,no,no,no,no,yes,no,no,no,no,no
ERR310930,10,no,no,no,no,no,no,no,no,no,no,no,no,no,yes,no,no,yes,yes,no,no,yes,yes,no,no,no,no,no,no,no,no,no,yes,no,no,yes,yes,yes,no,no,no,no,no,yes,no,no,no,no,no
ERR387076,11,no,no,no,no,no,no,no,no,no,no,no,no,yes,no,no,no,yes,yes,no,no,yes,yes,no,no,no,no,no,no,no,no,yes,yes,no,no,yes,yes,yes,no,no,no,no,no,yes,no,no,no,no,no
ERR387083,16,no,yes,yes,no,no,yes,no,no,no,no,no,no,no,no,no,yes,yes,yes,no,no,yes,yes,no,no,no,no,no,no,no,yes,no,yes,yes,yes,yes,yes,yes,no,no,no,no,no,yes,no,no,no,no,no
ERR387101,10,no,no,no,no,no,no,no,no,no,no,no,no,no,no,no,no,yes,yes,no,no,yes,yes,no,no,no,no,no,no,no,no,no,yes,no,no,yes,yes,yes,no,no,no,no,no,yes,no,no,yes,no,no
ERR387105,9,no,no,no,no,no,no,no,no,no,no,no,no,no,no,no,no,yes,yes,no,no,yes,yes,no,no,no,no,no,no,no,no,no,yes,no,no,yes,yes,yes,no,no,no,no,no,yes,no,no,no,no,no
ERR387119,9,no,no,no,no,no,no,no,no,no,no,no,no,no,no,no,no,yes,yes,no,no,yes,yes,no,no,no,no,no,no,no,no,no,yes,no,no,yes,yes,yes,no,no,no,no,no,yes,no,no,no,no,no
ERR387170,11,no,no,no,no,no,no,no,no,no,no,no,no,yes,no,no,no,yes,yes,no,no,yes,yes,no,no,no,no,no,no,no,no,yes,yes,no,no,yes,yes,yes,no,no,no,no,no,yes,no,no,no,no,no
ERR387187,11,no,no,no,no,no,no,no,no,no,no,no,no,yes,no,no,no,yes,yes,no,no,yes,yes,no,no,no,no,no,no,no,no,yes,yes,no,no,yes,yes,yes,no,no,no,no,no,yes,no,no,no,no,no
ERR387213,10,no,no,no,no,no,no,no,no,no,no,no,no,no,yes,no,no,yes,yes,no,no,yes,yes,no,no,no,no,no,no,no,no,no,yes,no,no,yes,yes,yes,no,no,no,no,no,yes,no,no,no,no,no
ERR387219,9,no,no,no,no,no,no,no,no,no,no,no,no,no,no,no,no,yes,yes,no,no,yes,yes,no,no,no,no,no,no,no,no,no,yes,no,no,yes,yes,yes,no,no,no,no,no,yes,no,no,no,no,no
ERR387226,9,no,no,no,no,no,no,no,no,no,no,no,no,no,no,no,no,yes,yes,no,no,yes,yes,no,no,no,no,no,no,no,no,no,yes,no,no,yes,yes,yes,no,no,no,no,no,yes,no,no,no,no,no
ERR387230,11,no,no,no,no,no,no,no,no,no,no,no,no,no,yes,no,yes,yes,yes,no,no,yes,yes,no,no,no,no,no,no,no,no,no,yes,no,no,yes,yes,yes,no,no,no,no,no,yes,no,no,no,no,no