tip.label,NUM_FOUND,ant(4')-Ia,ant(6)-Ia,ant(9)-Ia,aph(2'')-Ih,aph(3')-IIIa,blaI_of_Z,blaPC1,blaR1,blaR1-2,blaZ,blaZ-mecC,bleO,catA7,dfrE,dfrG,dfrK,dfrS1,erm(A),erm(B),erm(C),erm(T),fexA,fosB,fosB-Saur,fosB1,fosB4,fusB,fusC,lnu(A),mecA,mecC,mecI_of_mecA,mecI_of_mecC,mecR1,mph(C),msr(A),mupA,sat4,spd,str,tet(38),tet(K),tet(L),tet(M),vga(A),vga(E)
0864N0016,1,no,no,no,no,no,no,no,no,no,no,no,no,no,no,no,no,no,no,no,no,no,no,no,no,no,no,no,no,no,no,no,no,no,no,no,no,no,no,no,no,yes,no,no,no,no,no
0864N0017,1,no,no,no,no,no,no,no,no,no,no,no,no,no,no,no,no,no,no,no,no,no,no,no,no,no,no,no,no,no,no,no,no,no,no,no,no,no,no,no,no,yes,no,no,no,no,no
0864N0018,1,no,no,no,no,no,no,no,no,no,no,no,no,no,no,no,no,no,no,no,no,no,no,no,no,no,no,no,no,no,no,no,no,no,no,no,no,no,no,no,no,yes,no,no,no,no,no
0864N0020,1,no,no,no,no,no,no,no,no,no,no,no,no,no,no,no,no,no,no,no,no,no,no,no,no,no,no,no,no,no,no,no,no,no,no,no,no,no,no,no,no,yes,no,no,no,no,no
0864N0021,2,no,no,no,no,no,no,no,no,no,no,no,no,no,no,no,no,no,no,no,no,no,no,no,yes,no,no,no,no,no,no,no,no,no,no,no,no,no,no,no,no,yes,no,no,no,no,no
0864N0023,2,no,no,no,no,no,no,no,no,no,no,no,no,no,no,no,no,no,no,no,no,no,no,no,no,no,no,no,no,no,no,no,no,no,no,no,no,no,no,no,no,yes,yes,no,no,no,no
0864N0024,1,no,no,no,no,no,no,no,no,no,no,no,no,no,no,no,no,no,no,no,no,no,no,no,no,no,no,no,no,no,no,no,no,no,no,no,no,no,no,no,no,yes,no,no,no,no,no
0864N0025,1,no,no,no,no,no,no,no,no,no,no,no,no,no,no,no,no,no,no,no,no,no,no,no,no,no,no,no,no,no,no,no,no,no,no,no,no,no,no,no,no,yes,no,no,no,no,no
0864N0026,1,no,no,no,no,no,no,no,no,no,no,no,no,no,no,no,no,no,no,no,no,no,no,no,no,no,no,no,no,no,no,no,no,no,no,no,no,no,no,no,no,yes,no,no,no,no,no
0864N0027,1,no,no,no,no,no,no,no,no,no,no,no,no,no,no,no,no,no,no,no,no,no,no,no,no,no,no,no,no,no,no,no,no,no,no,no,no,no,no,no,no,yes,no,no,no,no,no
0864N0037,8,no,no,no,yes,no,yes,no,yes,no,yes,no,no,no,yes,no,no,no,no,yes,no,no,no,no,no,no,no,no,no,no,no,no,no,no,no,no,no,no,no,no,no,yes,yes,no,no,no,no
0864N0038,2,no,no,no,no,no,no,no,no,no,no,no,no,no,no,no,no,no,no,no,no,no,no,no,no,no,no,no,no,no,no,no,no,no,no,no,no,no,no,no,yes,yes,no,no,no,no,no
0864N0047,4,no,no,no,no,no,no,no,no,no,no,no,no,no,no,no,yes,no,no,no,yes,no,no,no,yes,no,no,no,no,no,no,no,no,no,no,no,no,no,no,no,no,yes,no,no,no,no,no
0864N0048,4,no,no,no,no,no,no,no,no,no,no,no,no,no,no,no,yes,no,no,no,yes,no,no,no,yes,no,no,no,no,no,no,no,no,no,no,no,no,no,no,no,no,yes,no,no,no,no,no
0864N0049,4,no,no,no,no,no,no,no,no,no,no,no,no,no,no,no,yes,no,no,no,yes,no,no,no,yes,no,no,no,no,no,no,no,no,no,no,no,no,no,no,no,no,yes,no,no,no,no,no
0864N0050,4,no,no,no,no,no,no,no,no,no,no,no,no,no,no,no,yes,no,no,no,yes,no,no,no,yes,no,no,no,no,no,no,no,no,no,no,no,no,no,no,no,no,yes,no,no,no,no,no
0864N0051,4,no,no,no,no,no,no,no,no,no,no,no,no,no,no,no,yes,no,no,no,yes,no,no,no,yes,no,no,no,no,no,no,no,no,no,no,no,no,no,no,no,no,yes,no,no,no,no,no
0864N0092,2,no,no,no,no,no,no,no,no,no,no,no,no,no,no,no,no,no,no,no,no,no,no,no,yes,no,no,no,no,no,no,no,no,no,no,no,no,no,no,no,no,yes,no,no,no,no,no
0864N0094,1,no,no,no,no,no,no,no,no,no,no,no,no,no,no,no,no,no,no,no,no,no,no,no,no,no,no,no,no,no,no,no,no,no,no,no,no,no,no,no,no,yes,no,no,no,no,no
1167N0019,2,no,no,no,no,no,no,no,no,no,no,no,no,no,no,no,no,no,no,no,no,no,no,no,yes,no,no,no,no,no,no,no,no,no,no,no,no,no,no,no,no,yes,no,no,no,no,no
1167N0020,5,no,no,no,no,no,yes,no,yes,no,yes,no,no,no,no,no,no,no,no,no,no,no,no,no,yes,no,no,no,no,no,no,no,no,no,no,no,no,no,no,no,no,yes,no,no,no,no,no
1167N0022,2,no,no,no,no,no,no,no,no,no,no,no,no,no,no,no,no,no,no,no,no,no,no,no,yes,no,no,no,no,no,no,no,no,no,no,no,no,no,no,no,no,yes,no,no,no,no,no
1167N0023,2,no,no,no,no,no,no,no,no,no,no,no,no,no,no,no,no,no,no,no,no,no,no,no,yes,no,no,no,no,no,no,no,no,no,no,no,no,no,no,no,no,yes,no,no,no,no,no
1167N0024,2,no,no,no,no,no,no,no,no,no,no,no,no,no,no,no,no,no,no,no,no,no,no,no,yes,no,no,no,no,no,no,no,no,no,no,no,no,no,no,no,no,yes,no,no,no,no,no
1167N0025,2,no,no,no,no,no,no,no,no,no,no,no,no,no,no,no,no,no,no,no,no,no,no,no,yes,no,no,no,no,no,no,no,no,no,no,no,no,no,no,no,no,yes,no,no,no,no,no
1167N0026,2,no,no,no,no,no,no,no,no,no,no,no,no,no,no,no,no,no,no,no,no,no,no,no,yes,no,no,no,no,no,no,no,no,no,no,no,no,no,no,no,no,yes,no,no,no,no,no
527_01,1,no,no,no,no,no,yes,no,no,no,no,no,no,no,no,no,no,no,no,no,no,no,no,no,no,no,no,no,no,no,no,no,no,no,no,no,no,no,no,no,no,no,no,no,no,no,no
527_04,2,no,no,no,no,no,no,no,yes,no,no,no,no,no,no,no,no,no,no,no,no,no,no,no,no,no,no,no,no,no,no,no,no,no,no,no,no,no,no,no,no,yes,no,no,no,no,no
527_05,1,no,no,no,no,no,no,no,no,no,no,no,no,no,no,no,no,no,no,no,no,no,no,no,no,no,no,no,no,no,no,no,no,no,no,no,no,no,no,no,no,yes,no,no,no,no,no
527_08,5,no,no,no,no,no,yes,no,yes,no,yes,no,no,no,no,no,no,no,no,no,no,no,no,no,no,no,no,no,no,no,yes,no,no,no,no,no,no,no,no,no,no,yes,no,no,no,no,no
527_09,5,no,no,no,no,no,yes,no,no,yes,yes,no,no,no,no,no,no,no,no,no,yes,no,no,no,no,no,no,no,no,no,no,no,no,no,no,no,no,no,no,no,no,yes,no,no,no,no,no
612_106,5,no,no,no,no,no,yes,no,yes,no,yes,no,no,no,no,no,no,no,no,no,no,no,no,no,no,no,no,no,no,no,yes,no,no,no,no,no,no,no,no,no,no,yes,no,no,no,no,no
612_111,12,no,no,yes,yes,no,yes,yes,yes,no,no,no,no,no,no,no,no,no,yes,no,no,no,no,no,yes,no,no,no,no,no,yes,no,yes,no,yes,no,no,no,no,no,no,yes,no,no,yes,no,no
612_112,7,no,no,no,yes,no,yes,yes,yes,no,no,no,no,no,no,no,no,yes,no,no,no,no,no,no,no,no,no,no,no,no,no,no,no,no,no,no,no,no,no,no,yes,yes,no,no,no,no,no
612_113,6,no,no,no,yes,no,yes,yes,yes,no,no,no,no,no,no,no,no,yes,no,no,no,no,no,no,no,no,no,no,no,no,no,no,no,no,no,no,no,no,no,no,no,yes,no,no,no,no,no
612_114,6,no,no,no,yes,no,yes,yes,yes,no,no,no,no,no,no,no,no,yes,no,no,no,no,no,no,no,no,no,no,no,no,no,no,no,no,no,no,no,no,no,no,no,yes,no,no,no,no,no
612_115,8,no,no,yes,no,no,yes,no,yes,no,yes,no,no,no,no,no,no,no,yes,no,no,no,no,no,no,no,no,no,no,no,yes,no,no,no,no,no,no,no,no,no,no,yes,no,no,yes,no,no
612_33,2,no,no,no,no,no,no,no,no,no,no,no,no,no,no,no,no,no,no,no,no,no,no,no,yes,no,no,no,no,no,no,no,no,no,no,no,no,no,no,no,no,yes,no,no,no,no,no
612_34,2,no,no,no,no,no,no,no,no,no,no,no,no,no,no,no,no,no,no,no,no,no,no,no,yes,no,no,no,no,no,no,no,no,no,no,no,no,no,no,no,no,yes,no,no,no,no,no
612_35,2,no,no,no,no,no,no,no,no,no,no,no,no,no,no,no,no,no,no,no,no,no,no,no,yes,no,no,no,no,no,no,no,no,no,no,no,no,no,no,no,no,yes,no,no,no,no,no
612_36,2,no,no,no,no,no,no,no,no,no,no,no,no,no,no,no,no,no,no,no,no,no,no,no,yes,no,no,no,no,no,no,no,no,no,no,no,no,no,no,no,no,yes,no,no,no,no,no
612_37,2,no,no,no,no,no,no,no,no,no,no,no,no,no,no,no,no,no,no,no,no,no,no,no,yes,no,no,no,no,no,no,no,no,no,no,no,no,no,no,no,no,yes,no,no,no,no,no
612_38,2,no,no,no,no,no,no,no,no,no,no,no,no,no,no,no,no,no,no,no,no,no,no,no,yes,no,no,no,no,no,no,no,no,no,no,no,no,no,no,no,no,yes,no,no,no,no,no
612_39,1,no,no,no,no,no,no,no,no,no,no,no,no,no,no,no,no,no,no,no,no,no,no,no,no,no,no,no,no,no,no,no,no,no,no,no,no,no,no,no,no,yes,no,no,no,no,no
612_40,4,no,no,no,no,no,yes,no,no,no,yes,no,no,no,no,no,no,no,no,no,no,no,no,no,yes,no,no,no,no,no,no,no,no,no,no,no,no,no,no,no,no,yes,no,no,no,no,no
612_41,2,no,no,no,no,no,no,no,no,no,no,no,no,no,no,no,no,no,no,no,no,no,no,no,yes,no,no,no,no,no,no,no,no,no,no,no,no,no,no,no,no,yes,no,no,no,no,no
612_43,4,no,no,no,no,no,no,no,no,no,no,no,no,no,no,no,no,no,no,no,yes,no,no,no,yes,no,no,no,no,no,no,no,no,no,no,no,no,no,no,no,no,yes,yes,no,no,no,no
612_44,2,no,no,no,no,no,no,no,no,no,no,no,no,no,no,no,no,no,no,no,no,no,no,no,yes,no,no,no,no,no,no,no,no,no,no,no,no,no,no,no,no,yes,no,no,no,no,no
612_45,7,no,no,no,no,no,yes,no,yes,no,yes,no,no,no,no,no,no,no,no,no,no,no,no,no,yes,no,no,no,no,no,no,no,no,no,no,no,no,no,no,no,no,yes,yes,yes,no,no,no
612_46,2,no,no,no,no,no,no,no,no,no,no,no,no,no,no,no,no,no,no,no,no,no,no,no,yes,no,no,no,no,no,no,no,no,no,no,no,no,no,no,no,no,yes,no,no,no,no,no
612_48,2,no,no,no,no,no,no,no,no,no,no,no,no,no,no,no,no,no,no,no,no,no,no,no,yes,no,no,no,no,no,no,no,no,no,no,no,no,no,no,no,no,yes,no,no,no,no,no
612_49,4,no,no,yes,no,no,no,no,no,no,no,no,no,no,no,no,no,no,yes,no,no,no,no,no,yes,no,no,no,no,no,no,no,no,no,no,no,no,no,no,no,no,yes,no,no,no,no,no
612_50,5,no,no,no,no,no,yes,no,yes,no,yes,no,no,no,no,no,no,no,no,no,no,no,no,no,yes,no,no,no,no,no,no,no,no,no,no,no,no,no,no,no,no,yes,no,no,no,no,no
612_51,2,no,no,no,no,no,no,no,no,no,no,no,no,no,no,no,no,no,no,no,no,no,no,no,yes,no,no,no,no,no,no,no,no,no,no,no,no,no,no,no,no,yes,no,no,no,no,no
612_52,2,no,no,no,no,no,no,no,no,no,no,no,no,no,no,no,no,no,no,no,no,no,no,no,yes,no,no,no,no,no,no,no,no,no,no,no,no,no,no,no,no,yes,no,no,no,no,no
612_53,7,no,yes,no,no,no,yes,no,yes,no,yes,no,no,no,no,no,no,no,no,no,no,no,no,no,yes,no,no,no,no,no,no,no,no,no,no,no,no,no,no,no,no,yes,yes,no,no,no,no
612_54,2,no,no,no,no,no,no,no,no,no,no,no,no,no,no,no,no,no,no,no,no,no,no,no,yes,no,no,no,no,no,no,no,no,no,no,no,no,no,no,no,no,yes,no,no,no,no,no
612_55,4,no,no,no,no,no,no,no,no,no,no,yes,no,no,no,no,no,no,no,no,no,no,no,no,no,no,no,no,no,no,no,yes,no,yes,no,no,no,no,no,no,no,yes,no,no,no,no,no
612_56,4,no,no,no,no,no,no,no,no,no,no,yes,no,no,no,no,no,no,no,no,no,no,no,no,no,no,no,no,no,no,no,yes,no,yes,no,no,no,no,no,no,no,yes,no,no,no,no,no
612_57,2,no,no,no,no,no,no,no,no,no,no,no,no,no,no,no,no,no,no,no,no,no,no,no,yes,no,no,no,no,no,no,no,no,no,no,no,no,no,no,no,no,yes,no,no,no,no,no
612_58,2,no,no,no,no,no,no,no,no,no,no,no,no,no,no,no,no,no,no,no,no,no,no,no,yes,no,no,no,no,no,no,no,no,no,no,no,no,no,no,no,no,yes,no,no,no,no,no
612_59,4,no,no,no,no,no,yes,no,no,no,yes,no,no,no,no,no,no,no,no,no,no,no,no,no,yes,no,no,no,no,no,no,no,no,no,no,no,no,no,no,no,no,yes,no,no,no,no,no
612_60,2,no,no,no,no,no,no,no,no,no,no,no,no,no,no,no,no,no,no,no,no,no,no,no,yes,no,no,no,no,no,no,no,no,no,no,no,no,no,no,no,no,yes,no,no,no,no,no
612_61,3,no,no,no,no,no,no,no,no,no,no,no,no,no,no,no,no,no,no,no,no,no,no,no,yes,no,no,no,no,no,no,no,no,no,no,no,no,no,no,no,no,yes,yes,no,no,no,no
612_62,3,no,no,no,no,no,no,no,no,no,no,no,no,no,no,yes,no,no,no,no,no,no,no,no,yes,no,no,no,no,no,no,no,no,no,no,no,no,no,no,no,no,yes,no,no,no,no,no
612_63,2,no,no,no,no,no,no,no,no,no,no,no,no,no,no,no,no,no,no,no,no,no,no,no,yes,no,no,no,no,no,no,no,no,no,no,no,no,no,no,no,no,yes,no,no,no,no,no
612_64,2,no,no,no,no,no,no,no,no,no,no,no,no,no,no,no,no,no,no,no,no,no,no,no,yes,no,no,no,no,no,no,no,no,no,no,no,no,no,no,no,no,yes,no,no,no,no,no
612_65,2,no,no,no,no,no,no,no,no,no,no,no,no,no,no,no,no,no,no,no,no,no,no,no,yes,no,no,no,no,no,no,no,no,no,no,no,no,no,no,no,no,yes,no,no,no,no,no
612_78,3,no,no,no,no,no,no,no,no,no,no,no,no,no,no,no,no,no,no,no,no,no,no,no,no,no,no,no,no,no,no,no,no,no,no,no,no,no,no,no,yes,yes,yes,no,no,no,no
803_78,4,no,no,no,no,no,yes,no,yes,no,yes,no,no,no,no,no,no,no,no,no,no,no,no,no,no,no,no,no,no,no,no,no,no,no,no,no,no,no,no,no,no,yes,no,no,no,no,no
803_87,1,no,no,no,no,no,no,no,no,no,no,no,no,no,no,no,no,no,no,no,no,no,no,no,no,no,no,no,no,no,no,no,no,no,no,no,no,no,no,no,no,yes,no,no,no,no,no
803_88,4,no,no,no,no,no,yes,no,yes,no,yes,no,no,no,no,no,no,no,no,no,no,no,no,no,no,no,no,no,no,no,no,no,no,no,no,no,no,no,no,no,no,yes,no,no,no,no,no
803_97,5,no,no,no,no,no,yes,no,no,yes,yes,no,no,no,no,no,no,no,no,no,no,no,no,no,no,no,no,no,no,no,yes,no,no,no,no,no,no,no,no,no,no,yes,no,no,no,no,no
803_98,5,no,no,no,no,no,yes,no,no,yes,yes,no,no,no,no,no,no,no,no,no,no,no,no,no,no,no,no,no,no,no,yes,no,no,no,no,no,no,no,no,no,no,yes,no,no,no,no,no
973N0001,1,no,no,no,no,no,no,no,no,no,no,no,no,no,no,no,no,no,no,no,no,no,no,no,no,no,no,no,no,no,no,no,no,no,no,no,no,no,no,no,no,yes,no,no,no,no,no
973N0002,8,no,no,no,yes,no,yes,no,yes,no,no,no,no,no,no,no,no,yes,no,no,no,no,no,no,yes,no,no,no,no,no,yes,no,no,no,no,no,no,no,no,no,no,yes,no,no,yes,no,no
973N0003,1,no,no,no,no,no,no,no,no,no,no,no,no,no,no,no,no,no,no,no,no,no,no,no,no,no,no,no,no,no,no,no,no,no,no,no,no,no,no,no,no,yes,no,no,no,no,no
973N0004,1,no,no,no,no,no,no,no,no,no,no,no,no,no,no,no,no,no,no,no,no,no,no,no,no,no,no,no,no,no,no,no,no,no,no,no,no,no,no,no,no,yes,no,no,no,no,no
973N0005,4,no,no,no,no,no,no,no,no,no,no,yes,no,no,no,no,no,no,no,no,no,no,no,no,no,no,no,no,no,no,no,yes,no,yes,no,no,no,no,no,no,no,yes,no,no,no,no,no
973N0006,4,no,no,no,no,no,yes,no,no,no,yes,no,no,no,no,no,no,no,no,no,no,no,no,no,yes,no,no,no,no,no,no,no,no,no,no,no,no,no,no,no,no,yes,no,no,no,no,no
973N0007,5,no,no,no,no,no,yes,yes,yes,no,no,no,no,no,no,no,no,no,no,no,no,no,no,no,yes,no,no,no,no,no,no,no,no,no,no,no,no,no,no,no,no,yes,no,no,no,no,no
973N0008,1,no,no,no,no,no,no,no,no,no,no,no,no,no,no,no,no,no,no,no,no,no,no,no,no,no,no,no,no,no,no,no,no,no,no,no,no,no,no,no,no,yes,no,no,no,no,no
973N0009,2,no,no,no,no,no,no,no,no,no,no,no,no,no,no,no,no,no,no,no,no,no,no,no,yes,no,no,no,no,no,no,no,no,no,no,no,no,no,no,no,no,yes,no,no,no,no,no
973N0010,2,no,no,no,no,no,no,no,no,no,no,no,no,no,no,no,no,no,no,no,no,no,no,no,yes,no,no,no,no,no,no,no,no,no,no,no,no,no,no,no,no,yes,no,no,no,no,no
973N0011,1,no,no,no,no,no,no,no,no,no,no,no,no,no,no,no,no,no,no,no,no,no,no,no,no,no,no,no,no,no,no,no,no,no,no,no,no,no,no,no,no,yes,no,no,no,no,no
973N0012,1,no,no,no,no,no,no,no,no,no,no,no,no,no,no,no,no,no,no,no,no,no,no,no,no,no,no,no,no,no,no,no,no,no,no,no,no,no,no,no,no,yes,no,no,no,no,no
973N0013,9,no,no,no,no,no,yes,no,yes,no,yes,no,no,no,no,no,no,no,no,no,no,no,no,no,no,no,no,no,no,no,yes,no,no,no,no,no,no,no,no,no,yes,yes,yes,no,yes,yes,no
973N0014,6,no,no,no,yes,no,yes,yes,yes,no,no,no,no,no,no,no,no,yes,no,no,no,no,no,no,no,no,no,no,no,no,no,no,no,no,no,no,no,no,no,no,no,yes,no,no,no,no,no
973N0015,6,no,no,no,yes,no,yes,yes,yes,no,no,no,no,no,no,no,no,yes,no,no,no,no,no,no,no,no,no,no,no,no,no,no,no,no,no,no,no,no,no,no,no,yes,no,no,no,no,no
973N0016,5,no,no,no,no,no,yes,yes,yes,no,no,no,no,no,no,no,no,no,no,no,no,no,no,no,yes,no,no,no,no,no,no,no,no,no,no,no,no,no,no,no,no,yes,no,no,no,no,no
973N0017,6,no,no,no,no,no,yes,no,yes,no,yes,no,no,no,no,no,no,no,no,no,no,no,no,no,no,no,no,no,no,no,no,no,no,no,no,no,no,no,no,no,yes,yes,no,no,yes,no,no
973N0018,9,no,no,no,no,no,yes,no,yes,no,yes,no,no,no,no,no,no,no,no,no,yes,no,no,no,no,no,no,no,no,no,yes,no,no,no,no,no,no,no,no,no,no,yes,yes,no,yes,yes,no
973N0019,3,no,no,no,no,no,yes,no,no,yes,no,no,no,no,no,no,no,no,no,no,no,no,no,no,no,no,no,no,no,no,no,no,no,no,no,no,no,no,no,no,no,yes,no,no,no,no,no
973N0020,1,no,no,no,no,no,no,no,no,no,no,no,no,no,no,no,no,no,no,no,no,no,no,no,no,no,no,no,no,no,no,no,no,no,no,no,no,no,no,no,no,yes,no,no,no,no,no
973N0021,4,no,no,no,no,no,yes,no,yes,no,yes,no,no,no,no,no,no,no,no,no,no,no,no,no,no,no,no,no,no,no,no,no,no,no,no,no,no,no,no,no,no,yes,no,no,no,no,no
973N0022,2,no,no,no,no,no,no,no,no,no,no,no,no,no,no,no,no,no,no,no,no,no,no,no,yes,no,no,no,no,no,no,no,no,no,no,no,no,no,no,no,no,yes,no,no,no,no,no
973N0023,5,no,no,no,no,no,yes,no,yes,no,yes,no,no,no,no,no,no,no,no,no,no,no,no,no,yes,no,no,no,no,no,no,no,no,no,no,no,no,no,no,no,no,yes,no,no,no,no,no
973N0024,5,no,no,no,no,no,yes,no,yes,no,yes,no,no,no,no,no,no,no,no,no,no,no,no,no,yes,no,no,no,no,no,no,no,no,no,no,no,no,no,no,no,no,yes,no,no,no,no,no
973N0025,5,no,no,no,no,no,yes,yes,yes,no,no,no,no,no,no,no,no,no,no,no,no,no,no,no,yes,no,no,no,no,no,no,no,no,no,no,no,no,no,no,no,no,yes,no,no,no,no,no
973N0026,3,no,no,no,no,no,no,no,no,no,no,no,no,yes,no,no,no,no,no,no,no,no,no,no,yes,no,no,no,no,no,no,no,no,no,no,no,no,no,no,no,no,yes,no,no,no,no,no
973N0027,2,no,no,no,no,no,no,no,no,no,no,no,no,no,no,no,no,no,no,no,no,no,no,no,yes,no,no,no,no,no,no,no,no,no,no,no,no,no,no,no,no,yes,no,no,no,no,no
973N0028,1,no,no,no,no,no,no,no,no,no,no,no,no,no,no,no,no,no,no,no,no,no,no,no,no,no,no,no,no,no,no,no,no,no,no,no,no,no,no,no,no,yes,no,no,no,no,no
973N0029,1,no,no,no,no,no,no,no,no,no,no,no,no,no,no,no,no,no,no,no,no,no,no,no,no,no,no,no,no,no,no,no,no,no,no,no,no,no,no,no,no,yes,no,no,no,no,no
973N0030,2,no,no,no,no,no,no,no,no,no,no,no,no,no,no,no,no,no,no,no,no,no,no,no,yes,no,no,no,no,no,no,no,no,no,no,no,no,no,no,no,no,yes,no,no,no,no,no
973N0031,4,no,no,no,no,no,yes,no,yes,no,no,no,no,no,no,no,no,no,no,no,no,no,no,no,yes,no,no,no,no,no,no,no,no,no,no,no,no,no,no,no,no,yes,no,no,no,no,no
973N0032,2,no,no,no,no,no,no,no,no,no,no,no,no,no,no,no,no,no,no,no,no,no,no,no,no,no,no,no,no,no,no,no,no,no,no,no,no,no,no,no,no,yes,yes,no,no,no,no
973N0033,2,no,no,no,no,no,no,no,no,no,no,no,no,no,no,no,no,no,no,no,no,no,no,no,yes,no,no,no,no,no,no,no,no,no,no,no,no,no,no,no,no,yes,no,no,no,no,no
973N0034,5,no,no,no,no,no,yes,no,yes,no,yes,no,no,no,no,no,no,no,no,no,no,no,no,no,yes,no,no,no,no,no,no,no,no,no,no,no,no,no,no,no,no,yes,no,no,no,no,no
973N0035,4,no,no,no,no,no,yes,no,yes,no,yes,no,no,no,no,no,no,no,no,no,no,no,no,no,no,no,no,no,no,no,no,no,no,no,no,no,no,no,no,no,no,yes,no,no,no,no,no
973N0036,2,no,no,no,no,no,no,no,no,no,no,no,no,no,no,no,no,no,no,no,no,no,no,no,yes,no,no,no,no,no,no,no,no,no,no,no,no,no,no,no,no,yes,no,no,no,no,no
973N0037,2,no,no,no,no,no,no,no,no,no,no,no,no,no,no,no,no,no,no,no,no,no,no,no,yes,no,no,no,no,no,no,no,no,no,no,no,no,no,no,no,no,yes,no,no,no,no,no
973N0040,2,no,no,no,no,no,no,no,no,no,no,no,no,no,no,no,no,no,no,no,no,no,no,no,yes,no,no,no,no,no,no,no,no,no,no,no,no,no,no,no,no,yes,no,no,no,no,no
973N0041,5,no,no,no,no,no,yes,no,yes,no,yes,no,no,no,no,no,no,no,no,no,no,no,no,no,yes,no,no,no,no,no,no,no,no,no,no,no,no,no,no,no,no,yes,no,no,no,no,no
973N0042,4,no,no,no,no,no,yes,no,no,no,no,no,no,no,no,no,no,no,no,no,no,no,no,no,yes,no,no,yes,no,no,no,no,no,no,no,no,no,no,no,no,no,yes,no,no,no,no,no
973N0043,1,no,no,no,no,no,no,no,no,no,no,no,no,no,no,no,no,no,no,no,no,no,no,no,no,no,no,no,no,no,no,no,no,no,no,no,no,no,no,no,no,yes,no,no,no,no,no
973N0044,11,no,no,yes,no,no,yes,yes,yes,no,no,no,no,no,no,yes,no,no,yes,no,no,no,no,no,no,no,no,no,no,no,yes,no,no,no,no,no,no,no,no,no,no,yes,yes,no,yes,no,yes
973N0045,6,no,no,no,yes,no,yes,yes,yes,no,no,no,no,no,no,no,no,yes,no,no,no,no,no,no,no,no,no,no,no,no,no,no,no,no,no,no,no,no,no,no,no,yes,no,no,no,no,no
973N0046,5,no,no,no,no,no,yes,yes,yes,no,no,no,no,no,no,no,no,no,no,no,no,no,no,no,yes,no,no,no,no,no,no,no,no,no,no,no,no,no,no,no,no,yes,no,no,no,no,no
973N0048,2,no,no,no,no,no,no,no,no,no,no,no,no,no,no,no,no,no,no,no,no,no,no,no,yes,no,no,no,no,no,no,no,no,no,no,no,no,no,no,no,no,yes,no,no,no,no,no
973N0049,1,no,no,no,no,no,no,no,no,no,no,no,no,no,no,no,no,no,no,no,no,no,no,no,no,no,no,no,no,no,no,no,no,no,no,no,no,no,no,no,no,yes,no,no,no,no,no
973N0050,6,no,no,no,no,no,yes,no,yes,no,yes,no,no,no,no,no,no,no,no,no,no,no,no,no,yes,no,no,no,no,no,no,no,no,no,no,no,no,no,no,no,no,yes,yes,no,no,no,no
973N0052,2,no,no,no,no,no,no,no,no,no,no,no,no,no,no,no,no,no,no,no,no,no,no,no,yes,no,no,no,no,no,no,no,no,no,no,no,no,no,no,no,no,yes,no,no,no,no,no
973N0053,1,no,no,no,no,no,no,no,no,no,no,no,no,no,no,no,no,no,no,no,no,no,no,no,no,no,no,no,no,no,no,no,no,no,no,no,no,no,no,no,no,yes,no,no,no,no,no
973N0054,2,no,no,no,no,no,no,no,no,no,no,no,no,no,no,no,no,no,no,no,no,no,no,no,yes,no,no,no,no,no,no,no,no,no,no,no,no,no,no,no,no,yes,no,no,no,no,no
973N0057,1,no,no,no,no,no,no,no,no,no,no,no,no,no,no,no,no,no,no,no,no,no,no,no,no,no,no,no,no,no,no,no,no,no,no,no,no,no,no,no,no,yes,no,no,no,no,no
973N0058,1,no,no,no,no,no,no,no,no,no,no,no,no,no,no,no,no,no,no,no,no,no,no,no,no,no,no,no,no,no,no,no,no,no,no,no,no,no,no,no,no,yes,no,no,no,no,no
973N0059,1,no,no,no,no,no,no,no,no,no,no,no,no,no,no,no,no,no,no,no,no,no,no,no,no,no,no,no,no,no,no,no,no,no,no,no,no,no,no,no,no,yes,no,no,no,no,no
973N0061,1,no,no,no,no,no,no,no,no,no,no,no,no,no,no,no,no,no,no,no,no,no,no,no,no,no,no,no,no,no,no,no,no,no,no,no,no,no,no,no,no,yes,no,no,no,no,no
973N0062,1,no,no,no,no,no,no,no,no,no,no,no,no,no,no,no,no,no,no,no,no,no,no,no,no,no,no,no,no,no,no,no,no,no,no,no,no,no,no,no,no,yes,no,no,no,no,no
973N0063,1,no,no,no,no,no,no,no,no,no,no,no,no,no,no,no,no,no,no,no,no,no,no,no,no,no,no,no,no,no,no,no,no,no,no,no,no,no,no,no,no,yes,no,no,no,no,no
973N0064,5,no,no,no,no,no,yes,no,yes,no,yes,no,no,no,no,no,no,no,no,no,no,no,no,no,yes,no,no,no,no,no,no,no,no,no,no,no,no,no,no,no,no,yes,no,no,no,no,no
973N0065,1,no,no,no,no,no,no,no,no,no,no,no,no,no,no,no,no,no,no,no,no,no,no,no,no,no,no,no,no,no,no,no,no,no,no,no,no,no,no,no,no,yes,no,no,no,no,no
973N0066,1,no,no,no,no,no,no,no,no,no,no,no,no,no,no,no,no,no,no,no,no,no,no,no,no,no,no,no,no,no,no,no,no,no,no,no,no,no,no,no,no,yes,no,no,no,no,no
973N0068,1,no,no,no,no,no,no,no,no,no,no,no,no,no,no,no,no,no,no,no,no,no,no,no,no,no,no,no,no,no,no,no,no,no,no,no,no,no,no,no,no,yes,no,no,no,no,no
973N0070,4,no,no,no,no,no,yes,no,no,no,yes,no,no,no,no,no,no,no,no,no,no,no,no,no,yes,no,no,no,no,no,no,no,no,no,no,no,no,no,no,no,no,yes,no,no,no,no,no
973N0071,4,no,no,no,no,no,yes,no,yes,no,yes,no,no,no,no,no,no,no,no,no,no,no,no,no,no,no,no,no,no,no,no,no,no,no,no,no,no,no,no,no,no,yes,no,no,no,no,no
973N0072,1,no,no,no,no,no,no,no,no,no,no,no,no,no,no,no,no,no,no,no,no,no,no,no,no,no,no,no,no,no,no,no,no,no,no,no,no,no,no,no,no,yes,no,no,no,no,no
973N0073,5,no,no,no,no,no,yes,yes,yes,no,no,no,no,no,no,no,no,no,no,no,no,no,no,no,yes,no,no,no,no,no,no,no,no,no,no,no,no,no,no,no,no,yes,no,no,no,no,no
973N0074,2,no,no,no,no,no,no,no,no,no,no,no,no,no,no,no,no,no,no,no,no,no,no,no,yes,no,no,no,no,no,no,no,no,no,no,no,no,no,no,no,no,yes,no,no,no,no,no
973N0075,4,no,no,no,no,no,yes,no,yes,no,yes,no,no,no,no,no,no,no,no,no,no,no,no,no,no,no,no,no,no,no,no,no,no,no,no,no,no,no,no,no,no,yes,no,no,no,no,no
973N0076,1,no,no,no,no,no,no,no,no,no,no,no,no,no,no,no,no,no,no,no,no,no,no,no,no,no,no,no,no,no,no,no,no,no,no,no,no,no,no,no,no,yes,no,no,no,no,no
973N0078,1,no,no,no,no,no,no,no,no,no,no,no,no,no,no,no,no,no,no,no,no,no,no,no,no,no,no,no,no,no,no,no,no,no,no,no,no,no,no,no,no,yes,no,no,no,no,no
973N0080,1,no,no,no,no,no,no,no,no,no,no,no,no,no,no,no,no,no,no,no,no,no,no,no,no,no,no,no,no,no,no,no,no,no,no,no,no,no,no,no,no,yes,no,no,no,no,no
973N0081,2,no,no,no,no,no,no,no,no,no,no,no,no,no,no,no,no,no,no,no,no,no,no,no,yes,no,no,no,no,no,no,no,no,no,no,no,no,no,no,no,no,yes,no,no,no,no,no
973N0082,1,no,no,no,no,no,no,no,no,no,no,no,no,no,no,no,no,no,no,no,no,no,no,no,no,no,no,no,no,no,no,no,no,no,no,no,no,no,no,no,no,yes,no,no,no,no,no
973N0083,1,no,no,no,no,no,no,no,no,no,no,no,no,no,no,no,no,no,no,no,no,no,no,no,no,no,no,no,no,no,no,no,no,no,no,no,no,no,no,no,no,yes,no,no,no,no,no
973N0084,7,no,no,no,no,no,yes,no,yes,no,yes,no,no,no,no,no,no,no,no,no,no,no,no,no,yes,no,no,no,no,no,no,no,no,no,no,no,no,no,no,no,no,yes,yes,no,no,yes,no
973N0085,1,no,no,no,no,no,no,no,no,no,no,no,no,no,no,no,no,no,no,no,no,no,no,no,no,no,no,no,no,no,no,no,no,no,no,no,no,no,no,no,no,yes,no,no,no,no,no
973N0086,1,no,no,no,no,no,no,no,no,no,no,no,no,no,no,no,no,no,no,no,no,no,no,no,no,no,no,no,no,no,no,no,no,no,no,no,no,no,no,no,no,yes,no,no,no,no,no
973N0087,2,no,no,no,no,no,no,no,no,no,no,no,no,no,no,no,no,no,no,no,no,no,no,no,yes,no,no,no,no,no,no,no,no,no,no,no,no,no,no,no,no,yes,no,no,no,no,no
973N0088,4,no,no,no,no,no,yes,no,yes,no,yes,no,no,no,no,no,no,no,no,no,no,no,no,no,no,no,no,no,no,no,no,no,no,no,no,no,no,no,no,no,no,yes,no,no,no,no,no
973N0089,5,no,no,no,no,no,yes,yes,yes,no,no,no,no,no,no,no,no,no,no,no,no,no,no,no,yes,no,no,no,no,no,no,no,no,no,no,no,no,no,no,no,no,yes,no,no,no,no,no
973N0090,4,no,no,no,no,no,yes,no,yes,no,yes,no,no,no,no,no,no,no,no,no,no,no,no,no,no,no,no,no,no,no,no,no,no,no,no,no,no,no,no,no,no,yes,no,no,no,no,no
973N0092,4,no,no,no,no,no,yes,no,yes,no,yes,no,no,no,no,no,no,no,no,no,no,no,no,no,no,no,no,no,no,no,no,no,no,no,no,no,no,no,no,no,no,yes,no,no,no,no,no
973N0093,4,no,no,no,no,no,yes,no,yes,no,yes,no,no,no,no,no,no,no,no,no,no,no,no,no,no,no,no,no,no,no,no,no,no,no,no,no,no,no,no,no,no,yes,no,no,no,no,no
ERR033239,5,no,no,no,no,no,yes,no,yes,no,yes,no,no,no,no,no,no,no,no,no,no,no,no,no,no,no,no,no,no,no,yes,no,no,no,no,no,no,no,no,no,no,yes,no,no,no,no,no
ERR033240,5,no,no,no,no,no,yes,no,yes,no,yes,no,no,no,no,no,no,no,no,no,no,no,no,no,no,no,no,no,no,no,yes,no,no,no,no,no,no,no,no,no,no,yes,no,no,no,no,no
ERR033241,9,no,no,yes,no,no,yes,yes,yes,no,no,no,no,no,no,no,no,no,yes,no,no,no,no,no,yes,no,no,no,yes,no,yes,no,no,no,no,no,no,no,no,no,no,yes,no,no,no,no,no
ERR033242,9,yes,no,no,no,no,yes,no,yes,no,yes,no,yes,no,no,no,no,no,no,no,no,no,no,no,yes,no,no,no,no,no,yes,no,no,no,no,no,no,no,no,no,no,yes,yes,no,no,no,no
ERR033245,8,yes,no,no,no,no,yes,no,yes,no,yes,no,yes,no,no,no,no,no,no,no,no,no,no,no,yes,no,no,no,no,no,yes,no,no,no,no,no,no,no,no,no,no,yes,no,no,no,no,no
ERR033246,8,no,no,yes,no,no,yes,yes,yes,no,no,no,no,no,no,no,no,no,yes,no,no,no,no,no,yes,no,no,no,no,no,yes,no,no,no,no,no,no,no,no,no,no,yes,no,no,no,no,no
ERR033247,10,yes,no,yes,no,no,yes,yes,yes,no,no,no,yes,no,no,no,no,no,yes,no,no,no,no,no,yes,no,no,no,no,no,yes,no,no,no,no,no,no,no,no,no,no,yes,no,no,no,no,no
ERR033248,5,no,no,no,no,no,yes,no,yes,no,yes,no,no,no,no,no,no,no,no,no,no,no,no,no,no,no,no,no,no,no,yes,no,no,no,no,no,no,no,no,no,no,yes,no,no,no,no,no
ERR033249,2,no,no,no,no,no,no,no,no,no,no,no,no,no,no,no,no,no,no,no,no,no,no,no,no,no,no,no,no,no,yes,no,no,no,no,no,no,no,no,no,no,yes,no,no,no,no,no
ERR033291,5,no,no,no,no,no,yes,yes,yes,no,no,no,no,no,no,no,no,no,no,no,no,no,no,no,yes,no,no,no,no,no,no,no,no,no,no,no,no,no,no,no,no,yes,no,no,no,no,no
ERR033292,8,yes,no,no,no,no,yes,no,yes,no,yes,no,yes,no,no,no,no,no,no,no,no,no,no,no,yes,no,no,no,no,no,yes,no,no,no,no,no,no,no,no,no,no,yes,no,no,no,no,no
ERR033293,5,no,no,no,no,no,yes,no,yes,no,yes,no,no,no,no,no,no,no,no,no,no,no,no,no,yes,no,no,no,no,no,no,no,no,no,no,no,no,no,no,no,no,yes,no,no,no,no,no
ERR033294,4,no,no,no,no,no,no,no,no,no,no,no,yes,no,no,no,no,no,no,no,no,no,no,no,yes,no,no,no,no,no,yes,no,no,no,no,no,no,no,no,no,no,yes,no,no,no,no,no
ERR033295,5,no,no,no,no,no,yes,no,yes,no,yes,no,no,no,no,no,no,no,no,no,no,no,no,no,yes,no,no,no,no,no,no,no,no,no,no,no,no,no,no,no,no,yes,no,no,no,no,no
ERR033296,7,yes,no,no,no,no,yes,no,yes,no,no,no,yes,no,no,no,no,no,no,no,no,no,no,no,yes,no,no,no,no,no,yes,no,no,no,no,no,no,no,no,no,no,yes,no,no,no,no,no
ERR033297,8,yes,no,no,no,no,yes,no,yes,no,yes,no,yes,no,no,no,no,no,no,no,no,no,no,no,yes,no,no,no,no,no,yes,no,no,no,no,no,no,no,no,no,no,yes,no,no,no,no,no
ERR033298,5,no,no,no,no,no,yes,yes,yes,no,no,no,no,no,no,no,no,no,no,no,no,no,no,no,yes,no,no,no,no,no,no,no,no,no,no,no,no,no,no,no,no,yes,no,no,no,no,no
ERR033299,9,no,no,no,yes,no,yes,no,yes,no,yes,no,no,no,no,no,no,no,no,no,no,no,no,yes,yes,no,no,no,no,no,yes,no,no,no,no,no,no,yes,no,no,no,yes,no,no,no,no,no
ERR033300,5,yes,no,no,no,no,no,no,no,no,no,no,yes,no,no,no,no,no,no,no,no,no,no,no,yes,no,no,no,no,no,yes,no,no,no,no,no,no,no,no,no,no,yes,no,no,no,no,no
ERR033301,4,no,no,no,no,no,yes,no,no,no,yes,no,no,no,no,no,no,no,no,no,no,no,no,no,yes,no,no,no,no,no,no,no,no,no,no,no,no,no,no,no,no,yes,no,no,no,no,no
ERR033302,9,no,no,no,no,no,yes,no,yes,no,yes,no,no,no,no,no,no,no,no,no,no,no,no,no,yes,no,no,no,no,no,yes,no,no,no,no,yes,yes,no,yes,no,no,yes,no,no,no,no,no
ERR033304,4,no,no,no,no,no,yes,no,yes,no,yes,no,no,no,no,no,no,no,no,no,no,no,no,no,no,no,no,no,no,no,no,no,no,no,no,no,no,no,no,no,no,yes,no,no,no,no,no
ERR033305,10,yes,no,yes,no,no,yes,yes,yes,no,no,no,yes,no,no,no,no,no,yes,no,no,no,no,no,yes,no,no,no,no,no,yes,no,no,no,no,no,no,no,no,no,no,yes,no,no,no,no,no
ERR033306,8,yes,no,no,no,no,yes,no,yes,no,yes,no,yes,no,no,no,no,no,no,no,no,no,no,no,yes,no,no,no,no,no,yes,no,no,no,no,no,no,no,no,no,no,yes,no,no,no,no,no
ERR033307,7,no,no,no,no,no,yes,no,yes,no,yes,no,no,no,no,no,no,no,no,no,no,no,no,no,yes,yes,no,no,no,no,yes,no,no,no,no,no,no,no,no,no,no,yes,no,no,no,no,no
ERR033308,4,no,no,no,no,no,yes,no,yes,no,no,no,no,no,no,no,no,no,no,no,no,no,no,no,yes,no,no,no,no,no,no,no,no,no,no,no,no,no,no,no,no,yes,no,no,no,no,no
ERR033309,5,no,no,no,no,no,yes,no,yes,no,yes,no,no,no,no,no,no,no,no,no,no,no,no,no,yes,no,no,no,no,no,yes,no,no,no,no,no,no,no,no,no,no,no,no,no,no,no,no
ERR033310,2,no,no,no,no,no,no,no,no,no,no,no,no,no,no,no,no,no,no,no,no,no,no,no,no,no,no,no,no,no,yes,no,no,no,no,no,no,no,no,no,no,yes,no,no,no,no,no
ERR033312,1,no,no,no,no,no,no,no,no,no,no,no,no,no,no,no,no,no,no,no,no,no,no,no,no,no,no,no,no,no,no,no,no,no,no,no,no,no,no,no,no,yes,no,no,no,no,no
ERR033313,12,no,yes,yes,yes,yes,yes,yes,yes,no,no,no,no,no,no,no,no,no,yes,no,no,no,no,no,yes,no,no,no,no,no,yes,no,no,no,no,no,no,no,yes,no,no,yes,no,no,no,no,no
ERR033314,4,no,no,no,no,no,yes,no,no,no,yes,no,no,no,no,no,no,no,no,no,no,no,no,no,yes,no,no,no,no,no,no,no,no,no,no,no,no,no,no,no,no,yes,no,no,no,no,no
ERR033315,10,yes,no,yes,no,no,yes,yes,yes,no,no,no,yes,no,no,no,no,no,yes,no,no,no,no,no,yes,no,no,no,no,no,yes,no,no,no,no,no,no,no,no,no,no,yes,no,no,no,no,no
ERR033330,4,no,no,no,no,no,yes,no,yes,no,yes,no,no,no,no,no,no,no,no,no,no,no,no,no,no,no,no,no,no,no,no,no,no,no,no,no,no,no,no,no,no,yes,no,no,no,no,no
ERR033331,5,no,no,no,no,no,yes,no,yes,no,yes,no,no,no,no,no,no,no,no,no,no,no,no,no,yes,no,no,no,no,no,no,no,no,no,no,no,no,no,no,no,no,yes,no,no,no,no,no
ERR033332,12,no,yes,yes,yes,yes,yes,yes,yes,no,no,no,no,no,no,no,no,no,yes,no,no,no,no,no,yes,no,no,no,no,no,yes,no,no,no,no,no,no,no,yes,no,no,yes,no,no,no,no,no
ERR033333,4,no,no,no,no,no,yes,no,yes,no,yes,no,no,no,no,no,no,no,no,no,no,no,no,no,no,no,no,no,no,no,no,no,no,no,no,no,no,no,no,no,no,yes,no,no,no,no,no
ERR033334,5,no,no,no,no,no,yes,yes,yes,no,no,no,no,no,no,no,no,no,no,no,no,no,no,no,yes,no,no,no,no,no,no,no,no,no,no,no,no,no,no,no,no,yes,no,no,no,no,no
ERR033335,10,no,yes,yes,yes,yes,yes,no,no,no,no,no,no,no,no,no,no,no,yes,no,no,no,no,no,yes,no,no,no,no,no,yes,no,no,no,no,no,no,no,yes,no,no,yes,no,no,no,no,no
ERR033336,12,no,yes,yes,yes,yes,yes,yes,yes,no,no,no,no,no,no,no,no,no,yes,no,no,no,no,no,yes,no,no,no,no,no,yes,no,no,no,no,no,no,no,yes,no,no,yes,no,no,no,no,no
ERR033337,5,no,no,no,no,no,yes,no,yes,no,yes,no,no,no,no,no,no,no,no,no,no,no,no,no,yes,no,no,no,no,no,no,no,no,no,no,no,no,no,no,no,no,yes,no,no,no,no,no
ERR033338,1,no,no,no,no,no,no,no,no,no,no,no,no,no,no,no,no,no,no,no,no,no,no,no,yes,no,no,no,no,no,no,no,no,no,no,no,no,no,no,no,no,no,no,no,no,no,no
ERR033340,4,no,no,no,no,no,yes,yes,yes,no,no,no,no,no,no,no,no,no,no,no,no,no,no,no,no,no,no,no,no,no,no,no,no,no,no,no,no,no,no,no,no,yes,no,no,no,no,no
ERR033341,6,no,no,no,no,no,yes,yes,yes,no,no,no,no,no,no,no,no,no,no,no,no,no,no,no,yes,no,no,no,no,no,yes,no,no,no,no,no,no,no,no,no,no,yes,no,no,no,no,no
ERR033343,2,no,no,no,no,no,no,no,no,no,no,no,no,no,no,no,no,no,no,no,no,no,no,no,no,no,no,no,no,no,yes,no,no,no,no,no,no,no,no,no,no,yes,no,no,no,no,no
ERR033345,5,no,no,no,no,no,yes,no,yes,no,yes,no,no,no,no,no,no,no,no,no,no,no,no,no,yes,no,no,no,no,no,no,no,no,no,no,no,no,no,no,no,no,yes,no,no,no,no,no
ERR033346,8,yes,no,no,no,no,yes,no,yes,no,yes,no,yes,no,no,no,no,no,no,no,no,no,no,no,yes,no,no,no,no,no,yes,no,no,no,no,no,no,no,no,no,no,yes,no,no,no,no,no
ERR033347,7,no,no,no,no,no,yes,no,yes,no,yes,no,no,no,no,no,no,no,no,no,no,no,no,no,yes,no,no,no,no,no,yes,no,no,no,no,no,no,no,yes,no,no,yes,no,no,no,no,no
ERR033348,11,no,no,yes,yes,no,yes,yes,yes,no,no,no,no,no,no,no,no,no,no,no,no,no,no,no,yes,no,no,no,no,no,yes,no,yes,no,yes,no,no,no,no,no,no,yes,no,no,yes,no,no
ERR033349,12,no,no,yes,yes,no,yes,yes,yes,no,no,no,no,no,no,no,no,no,no,no,yes,no,no,no,yes,no,no,no,no,no,yes,no,yes,no,yes,no,no,no,no,no,no,yes,no,no,yes,no,no
ERR033351,4,no,no,yes,no,no,no,no,no,no,no,no,no,no,no,no,no,no,yes,no,no,no,no,no,yes,no,no,no,no,no,no,no,no,no,no,no,no,no,no,no,no,yes,no,no,no,no,no
ERR033352,5,no,no,no,no,no,yes,no,yes,no,yes,no,no,no,no,no,no,no,no,no,no,no,no,no,yes,no,no,no,no,no,no,no,no,no,no,no,no,no,no,no,no,yes,no,no,no,no,no
ERR033353,5,no,no,no,no,no,yes,yes,yes,no,no,no,no,no,no,no,no,no,no,no,no,no,no,no,yes,no,no,no,no,no,no,no,no,no,no,no,no,no,no,no,no,yes,no,no,no,no,no
ERR033354,1,no,no,no,no,no,no,no,no,no,no,no,no,no,no,no,no,no,no,no,no,no,no,no,no,no,no,no,no,no,no,no,no,no,no,no,no,no,no,no,no,yes,no,no,no,no,no
ERR033356,9,no,no,yes,no,no,no,no,yes,no,no,no,yes,no,no,no,no,no,yes,no,no,no,no,no,yes,no,no,no,no,no,yes,no,yes,no,yes,no,no,no,no,no,no,yes,no,no,no,no,no
ERR033357,14,yes,no,yes,yes,no,yes,no,yes,no,yes,no,yes,no,no,no,no,yes,yes,no,no,no,no,no,yes,no,no,no,no,no,yes,no,yes,no,yes,no,no,no,no,no,no,yes,no,no,no,no,no
ERR033358,5,no,no,no,no,no,yes,no,yes,no,yes,no,no,no,no,no,no,no,no,no,no,no,no,no,yes,no,no,no,no,no,no,no,no,no,no,no,no,no,no,no,no,yes,no,no,no,no,no
ERR033359,12,yes,no,yes,no,no,yes,no,yes,no,yes,no,yes,no,no,no,no,no,yes,no,no,no,no,no,yes,no,no,no,no,no,yes,no,yes,no,yes,no,no,no,no,no,no,yes,no,no,no,no,no
ERR033360,9,yes,no,yes,no,no,no,no,no,no,no,no,yes,no,no,no,no,no,yes,no,no,no,no,no,yes,no,no,no,no,no,yes,no,yes,no,yes,no,no,no,no,no,no,yes,no,no,no,no,no
ERR033361,5,no,no,no,no,no,no,no,no,no,no,no,no,no,no,no,no,no,no,no,yes,no,no,no,no,no,no,no,no,no,no,no,no,no,no,no,no,no,no,no,no,yes,yes,no,yes,yes,no
ERR033362,6,no,no,no,yes,no,yes,no,yes,no,no,no,yes,no,no,no,no,no,no,no,no,no,no,no,no,no,no,no,no,no,no,no,no,no,no,no,no,yes,no,no,no,yes,no,no,no,no,no
ERR033363,12,yes,no,yes,no,no,yes,no,yes,no,yes,no,yes,no,no,no,no,no,yes,no,no,no,no,no,yes,no,no,no,no,no,yes,no,yes,no,yes,no,no,no,no,no,no,yes,no,no,no,no,no
ERR033364,3,no,no,no,no,no,yes,no,yes,no,yes,no,no,no,no,no,no,no,no,no,no,no,no,no,no,no,no,no,no,no,no,no,no,no,no,no,no,no,no,no,no,no,no,no,no,no,no
ERR033365,4,no,no,no,no,no,yes,no,yes,no,yes,no,no,no,no,no,no,no,no,no,no,no,no,no,no,no,no,no,no,no,no,no,no,no,no,no,no,no,no,no,no,yes,no,no,no,no,no
ERR033366,12,no,no,yes,yes,no,yes,no,yes,no,yes,no,yes,no,no,no,no,no,yes,no,no,no,no,no,yes,no,no,no,no,no,yes,no,yes,no,yes,no,no,no,no,no,no,yes,no,no,no,no,no
ERR033367,8,no,no,no,no,yes,yes,no,yes,no,yes,no,no,no,no,no,no,no,no,no,no,no,no,no,yes,no,no,no,no,no,no,no,no,no,no,no,no,no,yes,no,no,yes,yes,no,no,no,no
ERR033369,2,no,no,no,no,no,no,no,no,no,no,no,no,no,no,no,no,no,no,no,no,no,no,no,yes,no,no,no,no,no,no,no,no,no,no,no,no,no,no,no,no,yes,no,no,no,no,no
ERR033370,3,no,no,no,no,no,yes,no,no,no,no,no,no,no,no,no,no,no,no,no,no,no,no,no,yes,no,no,no,no,no,no,no,no,no,no,no,no,no,no,no,no,yes,no,no,no,no,no
ERR033371,6,no,no,no,no,yes,no,no,no,no,no,no,no,no,no,no,no,no,no,no,no,no,no,no,yes,no,no,no,no,no,no,no,no,no,no,yes,yes,no,yes,no,no,yes,no,no,no,no,no
ERR033373,5,no,no,no,no,no,yes,yes,yes,no,no,no,no,no,no,no,no,no,no,no,no,no,no,no,yes,no,no,no,no,no,no,no,no,no,no,no,no,no,no,no,no,yes,no,no,no,no,no
ERR033374,5,no,no,no,no,no,yes,yes,yes,no,no,no,no,no,no,no,no,no,no,no,no,no,no,no,yes,no,no,no,no,no,no,no,no,no,no,no,no,no,no,no,no,yes,no,no,no,no,no
ERR033375,4,no,no,no,no,no,yes,no,no,no,yes,no,no,no,no,no,no,no,no,no,no,no,no,no,yes,no,no,no,no,no,no,no,no,no,no,no,no,no,no,no,no,yes,no,no,no,no,no
ERR033376,5,no,no,no,no,no,yes,no,yes,no,yes,no,no,no,no,no,no,no,no,no,no,no,no,no,yes,no,no,no,no,no,no,no,no,no,no,no,no,no,no,no,no,yes,no,no,no,no,no
ERR033377,7,no,no,no,no,yes,no,no,no,no,no,no,no,no,no,no,no,no,no,no,no,no,no,no,yes,no,no,no,no,no,no,no,no,no,no,yes,yes,no,yes,no,no,yes,yes,no,no,no,no
ERR033378,10,no,no,yes,no,no,yes,no,yes,no,yes,no,no,no,no,no,no,no,yes,no,no,no,no,no,yes,no,no,no,no,no,yes,no,yes,no,yes,no,no,no,no,no,no,yes,no,no,no,no,no
ERR033379,5,no,no,no,no,no,yes,yes,yes,no,no,no,no,no,no,no,no,no,no,no,no,no,no,no,yes,no,no,no,no,no,no,no,no,no,no,no,no,no,no,no,no,yes,no,no,no,no,no
ERR033380,2,no,no,no,no,no,no,no,no,no,no,no,no,no,no,no,no,no,no,no,no,no,no,no,yes,no,no,no,no,no,no,no,no,no,no,no,no,no,no,no,no,yes,no,no,no,no,no
ERR033389,5,no,no,no,no,no,yes,no,yes,no,yes,no,no,no,no,no,no,no,no,no,no,no,no,no,yes,no,no,no,no,no,no,no,no,no,no,no,no,no,no,no,no,yes,no,no,no,no,no
ERR033390,4,no,no,no,no,no,yes,no,yes,no,yes,no,no,no,no,no,no,no,no,no,no,no,no,no,no,no,no,no,no,no,no,no,no,no,no,no,no,no,no,no,no,yes,no,no,no,no,no
ERR033408,11,no,yes,yes,yes,yes,yes,yes,no,no,no,no,no,no,no,no,no,no,yes,no,no,no,no,no,yes,no,no,no,no,no,yes,no,no,no,no,no,no,no,yes,no,no,yes,no,no,no,no,no
ERR033409,12,no,yes,yes,yes,yes,yes,yes,yes,no,no,no,no,no,no,no,no,no,yes,no,no,no,no,no,yes,no,no,no,no,no,yes,no,no,no,no,no,no,no,yes,no,no,yes,no,no,no,no,no
ERR033410,4,no,no,no,no,no,yes,no,yes,no,yes,no,no,no,no,no,no,no,no,no,no,no,no,no,no,no,no,no,no,no,no,no,no,no,no,no,no,no,no,no,no,yes,no,no,no,no,no
ERR033411,12,no,yes,yes,yes,yes,yes,yes,yes,no,no,no,no,no,no,no,no,no,yes,no,no,no,no,no,yes,no,no,no,no,no,yes,no,no,no,no,no,no,no,yes,no,no,yes,no,no,no,no,no
ERR033412,1,no,no,no,no,no,no,no,no,no,no,no,no,no,no,no,no,no,no,no,no,no,no,no,no,no,no,no,no,no,no,no,no,no,no,no,no,no,no,no,no,yes,no,no,no,no,no
ERR033413,3,no,no,no,no,no,yes,no,no,no,no,no,no,no,no,no,no,no,no,no,no,no,no,no,no,no,no,no,no,no,no,no,no,no,no,no,no,no,no,no,no,yes,yes,no,no,no,no
ERR033414,5,no,no,no,no,no,yes,no,yes,no,yes,no,no,no,no,no,no,no,no,no,no,no,no,no,yes,no,no,no,no,no,no,no,no,no,no,no,no,no,no,no,no,yes,no,no,no,no,no
ERR033415,4,no,no,no,no,no,yes,no,yes,no,yes,no,no,no,no,no,no,no,no,no,no,no,no,no,no,no,no,no,no,no,no,no,no,no,no,no,no,no,no,no,no,yes,no,no,no,no,no
ERR033416,5,no,no,no,no,no,yes,no,no,no,yes,no,no,no,no,no,no,no,no,no,no,no,no,no,yes,no,no,no,no,no,yes,no,no,no,no,no,no,no,no,no,no,yes,no,no,no,no,no
ERR033417,9,no,yes,yes,yes,yes,no,no,no,no,no,no,no,no,no,no,no,no,yes,no,no,no,no,no,yes,no,no,no,no,no,yes,no,no,no,no,no,no,no,yes,no,no,yes,no,no,no,no,no
ERR033418,2,no,no,no,no,no,no,no,no,no,no,no,no,no,no,no,no,no,no,no,no,no,no,no,yes,no,no,no,no,no,no,no,no,no,no,no,no,no,no,no,no,yes,no,no,no,no,no
ERR033419,9,no,no,yes,yes,no,yes,yes,yes,no,no,no,no,no,no,no,no,no,yes,no,no,no,no,no,yes,no,no,no,no,no,yes,no,no,no,no,no,no,no,no,no,no,yes,no,no,no,no,no
ERR033421,4,no,no,no,no,no,yes,no,yes,no,yes,no,no,no,no,no,no,no,no,no,no,no,no,no,no,no,no,no,no,no,no,no,no,no,no,no,no,no,no,no,no,yes,no,no,no,no,no
ERR033423,1,no,no,no,no,no,no,no,no,no,no,no,no,no,no,no,no,no,no,no,no,no,no,no,yes,no,no,no,no,no,no,no,no,no,no,no,no,no,no,no,no,no,no,no,no,no,no
ERR033424,5,no,no,no,no,no,yes,yes,yes,no,no,no,no,no,no,no,no,no,no,no,no,no,no,no,yes,no,no,no,no,no,no,no,no,no,no,no,no,no,no,no,no,yes,no,no,no,no,no
ERR033425,4,no,no,no,no,no,yes,no,yes,no,yes,no,no,no,no,no,no,no,no,no,no,no,no,no,no,no,no,no,no,no,no,no,no,no,no,no,no,no,no,no,no,yes,no,no,no,no,no
ERR033426,4,no,no,no,no,no,yes,no,yes,no,yes,no,no,no,no,no,no,no,no,no,no,no,no,no,yes,no,no,no,no,no,no,no,no,no,no,no,no,no,no,no,no,no,no,no,no,no,no
ERR033428,7,no,no,yes,no,no,yes,yes,yes,no,no,no,no,no,no,no,no,no,yes,no,no,no,no,no,yes,no,no,no,no,no,no,no,no,no,no,no,no,no,no,no,no,yes,no,no,no,no,no
ERR033429,4,no,no,no,no,no,yes,no,yes,no,yes,no,no,no,no,no,no,no,no,no,no,no,no,no,no,no,no,no,no,no,no,no,no,no,no,no,no,no,no,no,no,yes,no,no,no,no,no
ERR033431,5,no,no,no,no,no,yes,yes,yes,no,no,no,no,no,no,no,no,no,no,no,no,no,no,no,yes,no,no,no,no,no,no,no,no,no,no,no,no,no,no,no,no,yes,no,no,no,no,no
ERR033432,5,no,no,no,no,no,yes,no,yes,no,yes,no,no,no,no,no,no,no,no,no,no,no,no,no,no,no,no,no,yes,no,no,no,no,no,no,no,no,no,no,no,no,yes,no,no,no,no,no
ERR033447,2,no,no,no,no,no,no,no,no,no,no,no,no,no,no,no,no,no,no,no,no,no,no,no,yes,no,no,no,no,no,no,no,no,no,no,no,no,no,no,no,no,yes,no,no,no,no,no
ERR033448,8,yes,no,no,no,no,yes,no,yes,no,yes,no,yes,no,no,no,no,no,no,no,no,no,no,no,yes,no,no,no,no,no,yes,no,no,no,no,no,no,no,no,no,no,yes,no,no,no,no,no
ERR033450,8,yes,no,yes,no,no,no,yes,no,no,no,no,yes,no,no,no,no,no,yes,no,no,no,no,no,yes,no,no,no,no,no,yes,no,no,no,no,no,no,no,no,no,no,yes,no,no,no,no,no
ERR033451,4,no,no,no,no,no,yes,no,yes,no,yes,no,no,no,no,no,no,no,no,no,no,no,no,no,no,no,no,no,no,no,no,no,no,no,no,no,no,no,no,no,no,yes,no,no,no,no,no
ERR033453,9,yes,no,no,no,no,yes,no,yes,no,yes,no,yes,no,no,no,no,no,no,no,no,no,no,no,yes,no,no,no,no,no,yes,no,no,no,no,no,no,no,no,no,no,yes,yes,no,no,no,no
ERR033454,5,no,no,no,no,no,yes,no,yes,no,yes,no,no,no,no,no,no,yes,no,no,no,no,no,no,no,no,no,no,no,no,no,no,no,no,no,no,no,no,no,no,no,yes,no,no,no,no,no
ERR033455,10,yes,no,yes,no,no,yes,yes,yes,no,no,no,yes,no,no,no,no,no,yes,no,no,no,no,no,yes,no,no,no,no,no,yes,no,no,no,no,no,no,no,no,no,no,yes,no,no,no,no,no
ERR033456,10,yes,no,yes,no,no,yes,yes,yes,no,no,no,yes,no,no,no,no,no,yes,no,no,no,no,no,yes,no,no,no,no,no,yes,no,no,no,no,no,no,no,no,no,no,yes,no,no,no,no,no
ERR033457,4,no,no,no,no,no,yes,no,yes,no,yes,no,no,no,no,no,no,no,no,no,no,no,no,no,no,no,no,no,no,no,no,no,no,no,no,no,no,no,no,no,no,yes,no,no,no,no,no
ERR033460,2,no,no,no,no,no,no,no,no,no,no,no,no,no,no,no,no,no,no,no,no,no,no,no,yes,no,no,no,no,no,no,no,no,no,no,no,no,no,no,no,no,yes,no,no,no,no,no
ERR033461,4,no,no,no,no,no,yes,yes,no,no,no,no,no,no,no,no,no,no,no,no,no,no,no,no,yes,no,no,no,no,no,no,no,no,no,no,no,no,no,no,no,no,yes,no,no,no,no,no
ERR033462,8,yes,no,no,no,no,yes,no,yes,no,yes,no,yes,no,no,no,no,no,no,no,no,no,no,no,yes,no,no,no,no,no,yes,no,no,no,no,no,no,no,no,no,no,yes,no,no,no,no,no
ERR033463,5,no,no,no,no,no,yes,no,yes,no,yes,no,no,no,no,no,no,no,no,no,no,no,no,no,yes,no,no,no,no,no,no,no,no,no,no,no,no,no,no,no,no,yes,no,no,no,no,no
ERR033464,5,no,no,no,no,no,yes,no,yes,no,yes,no,no,no,no,no,no,no,no,no,no,no,no,no,yes,no,no,no,no,no,no,no,no,no,no,no,no,no,no,no,no,yes,no,no,no,no,no
ERR033465,5,no,no,no,no,no,yes,no,yes,no,yes,no,no,no,no,no,no,no,no,no,no,no,no,no,no,no,no,no,no,no,yes,no,no,no,no,no,no,no,no,no,no,yes,no,no,no,no,no
ERR033466,5,no,no,no,no,no,yes,no,yes,no,yes,no,no,no,no,no,no,no,no,no,no,no,no,no,no,no,no,no,no,no,yes,no,no,no,no,no,no,no,no,no,no,yes,no,no,no,no,no
ERR033467,10,yes,no,yes,no,no,yes,yes,yes,no,no,no,yes,no,no,no,no,no,yes,no,no,no,no,no,yes,no,no,no,no,no,yes,no,no,no,no,no,no,no,no,no,no,yes,no,no,no,no,no
ERR033468,8,yes,no,no,no,no,yes,no,yes,no,yes,no,yes,no,no,no,no,no,no,no,no,no,no,no,yes,no,no,no,no,no,yes,no,no,no,no,no,no,no,no,no,no,yes,no,no,no,no,no
ERR033469,4,no,no,yes,no,no,no,no,no,no,no,no,no,no,no,no,no,no,yes,no,no,no,no,no,yes,no,no,no,no,no,no,no,no,no,no,no,no,no,no,no,no,yes,no,no,no,no,no
ERR033470,2,no,no,no,no,no,no,no,no,no,no,no,no,no,no,no,no,no,no,no,no,no,no,no,yes,no,no,no,no,no,no,no,no,no,no,no,no,no,no,no,no,yes,no,no,no,no,no
ERR033471,12,no,yes,no,yes,no,yes,yes,yes,no,no,no,no,no,no,no,no,no,no,no,no,no,no,no,yes,no,no,no,no,no,yes,no,yes,no,yes,no,no,no,no,no,no,yes,yes,no,yes,no,no
ERR033473,6,no,no,no,no,no,yes,no,yes,no,yes,no,no,no,no,no,no,no,no,no,yes,no,no,no,no,no,no,no,no,no,yes,no,no,no,no,no,no,no,no,no,no,yes,no,no,no,no,no
ERR033474,1,no,no,no,no,no,no,no,no,no,no,no,no,no,no,no,no,no,no,no,no,no,no,no,no,no,no,no,no,no,no,no,no,no,no,no,no,no,no,no,no,yes,no,no,no,no,no
ERR033475,6,no,no,no,no,no,yes,no,yes,no,yes,no,no,no,no,no,no,no,no,no,yes,no,no,no,no,no,no,no,no,no,yes,no,no,no,no,no,no,no,no,no,no,yes,no,no,no,no,no
ERR033476,6,no,no,no,no,no,yes,no,yes,no,yes,no,no,no,no,no,no,no,no,no,yes,no,no,no,no,no,no,no,no,no,yes,no,no,no,no,no,no,no,no,no,no,yes,no,no,no,no,no
ERR033477,5,no,no,no,no,no,yes,no,yes,no,yes,no,no,no,no,no,no,no,no,no,no,no,no,no,no,no,no,no,no,no,yes,no,no,no,no,no,no,no,no,no,no,yes,no,no,no,no,no
ERR033478,12,yes,no,yes,no,no,yes,no,yes,no,yes,no,yes,no,no,no,no,no,yes,no,no,no,no,no,yes,no,no,no,no,no,yes,no,yes,no,yes,no,no,no,no,no,no,yes,no,no,no,no,no
ERR033479,1,no,no,no,no,no,no,no,no,no,no,no,no,no,no,no,no,no,no,no,no,no,no,no,no,no,no,no,no,no,no,no,no,no,no,no,no,no,no,no,no,yes,no,no,no,no,no
ERR033480,5,no,no,no,no,no,yes,yes,yes,no,no,no,no,no,no,no,no,no,no,no,no,no,no,no,yes,no,no,no,no,no,no,no,no,no,no,no,no,no,no,no,no,yes,no,no,no,no,no
ERR033482,9,yes,no,yes,no,no,no,no,no,no,no,no,yes,no,no,no,no,no,yes,no,no,no,no,no,yes,no,no,no,no,no,yes,no,yes,no,yes,no,no,no,no,no,no,yes,no,no,no,no,no
ERR033483,1,no,no,no,no,no,no,no,no,no,no,no,no,no,no,no,no,no,no,no,no,no,no,no,no,no,no,no,no,no,no,no,no,no,no,no,no,no,no,no,no,yes,no,no,no,no,no
ERR033486,5,no,no,no,no,no,yes,no,yes,no,yes,no,no,no,no,no,no,no,no,no,no,no,no,no,no,no,no,no,no,no,yes,no,no,no,no,no,no,no,no,no,no,yes,no,no,no,no,no
ERR033487,5,no,no,no,no,no,yes,no,yes,no,yes,no,no,no,no,no,no,no,no,no,no,no,no,no,yes,no,no,no,no,no,no,no,no,no,no,no,no,no,no,no,no,yes,no,no,no,no,no
ERR033488,6,no,no,no,no,no,yes,no,yes,no,yes,no,no,no,no,no,no,no,no,no,yes,no,no,no,no,no,no,no,no,no,yes,no,no,no,no,no,no,no,no,no,no,yes,no,no,no,no,no
ERR033489,10,no,no,yes,no,no,yes,no,yes,no,yes,no,no,no,no,no,no,no,yes,no,no,no,no,no,yes,no,no,no,no,no,yes,no,yes,no,yes,no,no,no,no,no,no,yes,no,no,no,no,no
ERR033490,5,no,no,no,no,no,yes,no,yes,no,yes,no,no,no,no,no,no,no,no,no,no,no,no,no,yes,no,no,no,no,no,no,no,no,no,no,no,no,no,no,no,no,yes,no,no,no,no,no
ERR033491,9,yes,no,yes,no,no,yes,no,no,no,no,no,yes,no,no,no,no,no,no,no,no,no,no,no,yes,no,no,no,no,no,yes,no,yes,no,yes,no,no,no,no,no,no,yes,no,no,no,no,no
ERR033492,12,no,yes,yes,yes,yes,yes,yes,yes,no,no,no,no,no,no,no,no,no,yes,no,no,no,no,no,yes,no,no,no,no,no,yes,no,no,no,no,no,no,no,yes,no,no,yes,no,no,no,no,no
ERR033494,9,yes,no,yes,no,no,no,no,no,no,no,no,yes,no,no,no,no,no,yes,no,no,no,no,no,yes,no,no,no,no,no,yes,no,yes,no,yes,no,no,no,no,no,no,yes,no,no,no,no,no
ERR033495,1,no,no,no,no,no,yes,no,no,no,no,no,no,no,no,no,no,no,no,no,no,no,no,no,no,no,no,no,no,no,no,no,no,no,no,no,no,no,no,no,no,no,no,no,no,no,no
ERR033511,6,no,no,no,no,no,yes,no,yes,no,yes,no,no,no,no,no,no,no,no,no,yes,no,no,no,no,no,no,no,no,no,yes,no,no,no,no,no,no,no,no,no,no,yes,no,no,no,no,no
ERR033514,5,no,no,no,no,no,yes,no,yes,no,yes,no,no,no,no,no,no,no,no,no,no,no,no,no,no,no,no,no,no,no,yes,no,no,no,no,no,no,no,no,no,no,yes,no,no,no,no,no
ERR033515,11,yes,no,no,no,no,yes,no,yes,no,yes,no,yes,no,no,no,no,no,yes,no,no,no,no,no,yes,no,no,no,no,no,yes,no,yes,no,yes,no,no,no,no,no,no,yes,no,no,no,no,no
ERR033516,5,no,no,no,no,no,yes,no,yes,no,yes,no,no,no,no,no,no,no,no,no,no,no,no,no,yes,no,no,no,no,no,no,no,no,no,no,no,no,no,no,no,no,yes,no,no,no,no,no
ERR033518,5,no,no,no,no,no,yes,no,yes,no,yes,no,no,no,no,no,no,no,no,no,no,no,no,no,no,no,no,no,no,no,yes,no,no,no,no,no,no,no,no,no,no,yes,no,no,no,no,no
ERR033519,5,no,no,no,no,no,yes,no,yes,no,yes,no,no,no,no,no,no,no,no,no,no,no,no,no,no,no,no,no,no,no,yes,no,no,no,no,no,no,no,no,no,no,yes,no,no,no,no,no
ERR033520,2,no,no,no,no,no,yes,no,no,no,no,no,no,no,no,no,no,no,no,no,no,no,no,no,yes,no,no,no,no,no,no,no,no,no,no,no,no,no,no,no,no,no,no,no,no,no,no
ERR033521,3,no,no,no,no,no,no,no,no,no,yes,no,no,no,no,no,no,no,no,no,no,no,no,no,yes,no,no,no,no,no,no,no,no,no,no,no,no,no,no,no,no,yes,no,no,no,no,no
ERR033522,8,no,no,no,yes,no,yes,no,yes,no,yes,no,no,no,no,no,no,no,no,no,yes,no,no,no,yes,no,no,no,no,no,yes,no,no,no,no,no,no,no,no,no,no,yes,no,no,no,no,no
ERR033524,8,no,no,no,no,no,yes,no,yes,no,yes,no,no,no,no,no,no,no,no,no,no,no,no,yes,yes,no,no,no,no,yes,yes,no,no,no,no,no,no,no,no,no,no,yes,no,no,no,no,no
ERR033525,10,yes,no,no,no,no,yes,no,yes,no,yes,no,yes,no,no,no,no,no,no,no,no,no,no,no,yes,no,no,no,no,no,yes,no,no,no,no,yes,yes,no,no,no,no,yes,no,no,no,no,no
ERR033526,4,no,no,no,no,no,yes,no,yes,no,yes,no,no,no,no,no,no,no,no,no,no,no,no,no,no,no,no,no,no,no,no,no,no,no,no,no,no,no,no,no,no,yes,no,no,no,no,no
ERR033527,9,yes,no,no,no,no,yes,no,yes,no,yes,no,yes,no,no,no,no,no,no,no,no,no,no,no,yes,no,no,no,no,no,yes,no,no,no,no,no,yes,no,no,no,no,yes,no,no,no,no,no
ERR033529,11,no,no,yes,no,no,yes,yes,yes,no,no,no,yes,no,no,no,no,no,yes,no,no,no,no,no,yes,no,no,no,no,no,yes,no,yes,no,yes,no,no,no,no,no,no,yes,no,no,no,no,no
ERR033530,12,no,yes,yes,yes,yes,yes,yes,yes,no,no,no,no,no,no,no,no,no,yes,no,no,no,no,no,yes,no,no,no,no,no,yes,no,no,no,no,no,no,no,yes,no,no,yes,no,no,no,no,no
ERR033531,5,yes,no,no,no,no,no,no,no,no,no,no,yes,no,no,no,no,no,no,no,no,no,no,no,yes,no,no,no,no,no,yes,no,no,no,no,no,no,no,no,no,no,yes,no,no,no,no,no
ERR033532,10,yes,no,no,no,yes,yes,no,yes,no,yes,no,yes,no,no,no,no,no,no,no,no,no,no,no,yes,no,no,no,no,no,yes,no,no,no,no,yes,no,no,no,no,no,yes,no,no,no,no,no
ERR033533,4,no,no,no,no,no,yes,no,yes,no,yes,no,no,no,no,no,no,no,no,no,no,no,no,no,no,no,no,no,no,no,no,no,no,no,no,no,no,no,no,no,no,yes,no,no,no,no,no
ERR033534,7,no,no,no,no,no,yes,no,yes,no,yes,no,no,no,no,no,no,no,no,no,yes,no,yes,no,yes,no,no,no,no,no,no,no,no,no,no,no,no,no,no,no,no,yes,no,no,no,no,no
ERR033535,6,no,no,no,no,no,yes,no,yes,no,yes,no,no,no,no,no,no,no,no,no,no,no,no,no,yes,no,no,yes,no,no,no,no,no,no,no,no,no,no,no,no,no,yes,no,no,no,no,no
ERR033537,5,no,no,no,no,no,yes,yes,yes,no,no,no,no,no,no,no,no,no,no,no,no,no,no,no,yes,no,no,no,no,no,no,no,no,no,no,no,no,no,no,no,no,yes,no,no,no,no,no
ERR033538,2,no,no,no,no,no,no,no,no,no,no,no,no,no,no,no,no,no,no,no,no,no,no,no,no,no,no,no,no,no,no,no,no,no,no,no,no,no,no,no,no,yes,no,no,yes,no,no
ERR033540,2,no,no,no,no,no,no,no,no,no,no,no,no,no,no,no,no,no,no,no,no,no,no,no,yes,no,no,no,no,no,no,no,no,no,no,no,no,no,no,no,no,yes,no,no,no,no,no
ERR033541,7,no,no,no,no,no,yes,no,yes,no,yes,no,no,no,no,no,no,no,no,no,no,no,yes,no,yes,no,no,no,no,no,no,no,no,no,no,no,no,no,no,no,no,yes,no,no,yes,no,no
ERR033542,5,no,no,no,no,no,yes,yes,yes,no,no,no,no,no,no,no,no,no,no,no,no,no,no,no,yes,no,no,no,no,no,no,no,no,no,no,no,no,no,no,no,no,yes,no,no,no,no,no
ERR033544,12,no,yes,yes,yes,yes,yes,yes,yes,no,no,no,no,no,no,no,no,no,yes,no,no,no,no,no,yes,no,no,no,no,no,yes,no,no,no,no,no,no,no,yes,no,no,yes,no,no,no,no,no
ERR033545,5,no,no,no,no,no,yes,no,yes,no,yes,no,no,yes,no,no,no,no,no,no,no,no,no,no,no,no,no,no,no,no,no,no,no,no,no,no,no,no,no,no,no,yes,no,no,no,no,no
ERR033547,3,no,no,no,no,no,no,no,no,no,yes,no,no,no,no,no,no,no,no,no,no,no,no,no,yes,no,no,no,no,no,no,no,no,no,no,no,no,no,no,no,no,yes,no,no,no,no,no
ERR033550,7,no,no,yes,no,no,yes,yes,yes,no,no,no,no,no,no,no,no,no,yes,no,no,no,no,no,yes,no,no,no,no,no,no,no,no,no,no,no,no,no,no,no,no,yes,no,no,no,no,no
ERR033551,1,no,no,no,no,no,no,no,no,no,no,no,no,no,no,no,no,no,no,no,no,no,no,no,no,no,no,no,no,no,yes,no,no,no,no,no,no,no,no,no,no,no,no,no,no,no,no
ERR033553,5,no,no,no,no,no,yes,no,yes,no,yes,no,no,no,no,no,no,no,no,no,no,no,no,no,no,no,no,no,no,no,yes,no,no,no,no,no,no,no,no,no,no,yes,no,no,no,no,no
ERR033554,5,no,no,no,no,no,yes,no,yes,no,yes,no,no,no,no,no,no,no,no,no,no,no,no,no,yes,no,no,no,no,no,no,no,no,no,no,no,no,no,no,no,no,yes,no,no,no,no,no
ERR033555,6,no,no,no,no,no,yes,no,yes,no,yes,no,no,no,no,no,no,no,no,no,yes,no,no,no,no,no,no,no,no,no,yes,no,no,no,no,no,no,no,no,no,no,yes,no,no,no,no,no
ERR033556,5,no,no,no,no,no,yes,yes,yes,no,no,no,no,no,no,no,no,no,no,no,no,no,no,no,yes,no,no,no,no,no,no,no,no,no,no,no,no,no,no,no,no,yes,no,no,no,no,no
ERR033557,5,no,no,no,no,no,yes,no,yes,no,yes,no,no,no,no,no,no,no,no,no,no,no,no,no,yes,no,no,no,no,no,no,no,no,no,no,no,no,no,no,no,no,yes,no,no,no,no,no
ERR033558,5,no,no,no,no,no,yes,yes,yes,no,no,no,no,no,no,no,no,no,no,no,no,no,no,no,no,no,no,no,no,no,yes,no,no,no,no,no,no,no,no,no,no,yes,no,no,no,no,no
ERR033559,16,no,no,yes,yes,yes,yes,yes,yes,no,no,no,no,yes,no,yes,no,no,yes,no,no,no,no,no,yes,no,no,no,no,no,yes,no,yes,no,yes,no,no,no,no,no,no,yes,yes,no,yes,no,no
ERR033560,14,yes,no,yes,no,no,yes,no,yes,no,yes,no,yes,no,no,no,no,no,yes,no,no,no,no,no,yes,no,yes,no,no,no,yes,no,yes,no,yes,no,no,no,no,no,no,yes,no,no,yes,no,no
ERR033561,2,no,no,no,no,no,no,no,no,no,no,no,no,no,no,no,no,no,no,no,no,no,no,no,yes,no,no,no,no,no,no,no,no,no,no,no,no,no,no,no,no,yes,no,no,no,no,no
ERR033563,2,no,no,no,no,no,no,no,no,no,no,no,no,no,no,no,no,no,no,no,no,no,no,no,yes,no,no,no,no,no,no,no,no,no,no,no,no,no,no,no,no,yes,no,no,no,no,no
ERR033564,4,no,no,no,no,no,yes,no,yes,no,yes,no,no,no,no,no,no,no,no,no,no,no,no,no,no,no,no,no,no,no,no,no,no,no,no,no,no,no,no,no,no,yes,no,no,no,no,no
ERR033565,4,no,no,no,no,no,yes,no,yes,no,yes,no,no,no,no,no,no,no,no,no,no,no,no,no,no,no,no,no,no,no,no,no,no,no,no,no,no,no,no,no,no,yes,no,no,no,no,no
ERR033566,4,no,no,no,no,no,yes,no,yes,no,yes,no,no,no,no,no,no,no,no,no,no,no,no,no,no,no,no,no,no,no,no,no,no,no,no,no,no,no,no,no,no,yes,no,no,no,no,no
ERR033567,3,no,no,no,no,no,yes,no,no,no,yes,no,no,no,no,no,no,no,no,no,no,no,no,no,no,no,no,no,no,no,no,no,no,no,no,no,no,no,no,no,no,yes,no,no,no,no,no
ERR033568,4,no,no,no,no,no,yes,no,yes,no,yes,no,no,no,no,no,no,no,no,no,no,no,no,no,no,no,no,no,no,no,no,no,no,no,no,no,no,no,no,no,no,yes,no,no,no,no,no
ERR033569,1,no,no,no,no,no,no,no,no,no,no,no,no,no,no,no,no,no,no,no,no,no,no,no,no,no,no,no,no,no,no,no,no,no,no,no,no,no,no,no,no,yes,no,no,no,no,no
ERR033570,5,no,no,no,no,no,yes,no,yes,no,yes,no,no,no,no,no,no,no,no,no,no,no,no,no,yes,no,no,no,no,no,no,no,no,no,no,no,no,no,no,no,no,yes,no,no,no,no,no
ERR033571,4,no,no,no,no,no,yes,no,yes,no,yes,no,no,no,no,no,no,no,no,no,no,no,no,no,no,no,no,no,no,no,no,no,no,no,no,no,no,no,no,no,no,yes,no,no,no,no,no
ERR033572,5,no,no,no,no,no,yes,yes,yes,no,no,no,no,no,no,no,no,no,no,no,no,no,no,no,yes,no,no,no,no,no,no,no,no,no,no,no,no,no,no,no,no,yes,no,no,no,no,no
ERR033573,3,no,no,no,no,no,no,no,no,no,yes,no,no,no,no,no,no,no,no,no,no,no,no,no,yes,no,no,no,no,no,no,no,no,no,no,no,no,no,no,no,no,yes,no,no,no,no,no
ERR033574,4,no,no,no,no,no,yes,no,no,no,yes,no,no,no,no,no,no,no,no,no,no,no,no,no,yes,no,no,no,no,no,no,no,no,no,no,no,no,no,no,no,no,yes,no,no,no,no,no
ERR033576,1,no,no,no,no,no,no,no,no,no,no,no,no,no,no,no,no,no,no,no,no,no,no,no,yes,no,no,no,no,no,no,no,no,no,no,no,no,no,no,no,no,no,no,no,no,no,no
ERR033577,4,no,no,no,no,no,yes,no,yes,no,yes,no,no,no,no,no,no,no,no,no,no,no,no,no,no,no,no,no,no,no,no,no,no,no,no,no,no,no,no,no,no,yes,no,no,no,no,no
ERR033578,5,no,no,no,no,no,yes,yes,yes,no,no,no,no,no,no,no,no,no,no,no,no,no,no,no,yes,no,no,no,no,no,no,no,no,no,no,no,no,no,no,no,no,yes,no,no,no,no,no
ERR033579,5,no,no,no,no,no,yes,no,yes,no,yes,no,no,no,no,no,no,no,no,no,no,no,no,no,yes,no,no,no,no,no,no,no,no,no,no,no,no,no,no,no,no,yes,no,no,no,no,no
ERR033580,5,no,no,no,no,no,yes,no,yes,no,yes,no,no,no,no,no,no,no,no,no,no,no,no,no,yes,no,no,no,no,no,no,no,no,no,no,no,no,no,no,no,no,yes,no,no,no,no,no
ERR033581,5,no,no,no,no,no,yes,yes,yes,no,no,no,no,no,no,no,no,no,no,no,no,no,no,no,yes,no,no,no,no,no,no,no,no,no,no,no,no,no,no,no,no,yes,no,no,no,no,no
ERR033583,4,no,no,no,no,no,yes,no,yes,no,yes,no,no,no,no,no,no,no,no,no,no,no,no,no,no,no,no,no,no,no,no,no,no,no,no,no,no,no,no,no,no,yes,no,no,no,no,no
ERR033585,5,no,no,no,no,no,yes,no,yes,no,yes,no,no,no,no,no,no,no,no,no,no,no,no,no,yes,no,no,no,no,no,no,no,no,no,no,no,no,no,no,no,no,yes,no,no,no,no,no
ERR033586,1,no,no,no,no,no,no,no,no,no,no,no,no,no,no,no,no,no,no,no,no,no,no,no,no,no,no,no,no,no,no,no,no,no,no,no,no,no,no,no,no,yes,no,no,no,no,no
ERR033587,5,no,no,no,no,no,yes,no,yes,no,yes,no,no,no,no,no,no,no,no,no,no,no,no,no,yes,no,no,no,no,no,no,no,no,no,no,no,no,no,no,no,no,yes,no,no,no,no,no
ERR033589,5,no,no,no,no,no,yes,yes,yes,no,no,no,no,no,no,no,no,no,no,no,no,no,no,no,yes,no,no,no,no,no,no,no,no,no,no,no,no,no,no,no,no,yes,no,no,no,no,no
ERR033590,5,no,no,no,no,no,yes,yes,yes,no,no,no,no,no,no,no,no,no,no,no,no,no,no,no,yes,no,no,no,no,no,no,no,no,no,no,no,no,no,no,no,no,yes,no,no,no,no,no
ERR033592,1,no,no,no,no,no,no,no,no,no,no,no,no,no,no,no,no,no,no,no,no,no,no,no,yes,no,no,no,no,no,no,no,no,no,no,no,no,no,no,no,no,no,no,no,no,no,no
ERR033593,5,no,no,no,no,no,yes,no,yes,no,yes,no,no,no,no,no,no,no,no,no,no,no,no,no,yes,no,no,no,no,no,no,no,no,no,no,no,no,no,no,no,no,yes,no,no,no,no,no
ERR033594,4,no,no,no,no,no,yes,no,yes,no,yes,no,no,no,no,no,no,no,no,no,no,no,no,no,no,no,no,no,no,no,no,no,no,no,no,no,no,no,no,no,no,yes,no,no,no,no,no
ERR033595,1,no,no,no,no,no,no,no,no,no,no,no,no,no,no,no,no,no,no,no,no,no,no,no,no,no,no,no,no,no,no,no,no,no,no,no,no,no,no,no,no,yes,no,no,no,no,no
ERR033596,9,no,yes,yes,yes,yes,no,no,no,no,no,no,no,no,no,no,no,no,yes,no,no,no,no,no,yes,no,no,no,no,no,yes,no,no,no,no,no,no,no,yes,no,no,yes,no,no,no,no,no
ERR033597,4,no,no,no,no,no,yes,no,yes,no,yes,no,no,no,no,no,no,no,no,no,no,no,no,no,no,no,no,no,no,no,no,no,no,no,no,no,no,no,no,no,no,yes,no,no,no,no,no
ERR033598,5,no,no,no,no,no,yes,no,yes,no,yes,no,no,no,no,no,no,no,no,no,no,no,no,no,yes,no,no,no,no,no,no,no,no,no,no,no,no,no,no,no,no,yes,no,no,no,no,no
ERR033600,5,no,no,no,no,no,yes,no,yes,no,yes,no,no,no,no,no,no,no,no,no,no,no,no,no,yes,no,no,no,no,no,no,no,no,no,no,no,no,no,no,no,no,yes,no,no,no,no,no
ERR033603,5,no,no,no,no,no,yes,no,yes,no,yes,no,no,no,no,no,no,no,no,no,no,no,no,no,no,no,no,no,yes,no,no,no,no,no,no,no,no,no,no,no,no,yes,no,no,no,no,no
ERR033605,5,no,no,no,no,no,yes,no,yes,no,yes,no,no,no,no,no,no,no,no,no,no,no,no,no,no,no,no,no,no,no,yes,no,no,no,no,no,no,no,no,no,no,yes,no,no,no,no,no
ERR033606,1,no,no,no,no,no,no,no,no,no,no,no,no,no,no,no,no,no,no,no,no,no,no,no,yes,no,no,no,no,no,no,no,no,no,no,no,no,no,no,no,no,no,no,no,no,no,no
ERR033607,5,no,no,no,no,no,yes,no,yes,no,yes,no,no,no,no,no,no,no,no,no,no,no,no,no,no,no,no,no,no,no,yes,no,no,no,no,no,no,no,no,no,no,yes,no,no,no,no,no
ERR033608,5,no,no,no,no,no,yes,no,yes,no,yes,no,no,no,no,no,no,no,no,no,no,no,no,no,no,no,no,no,no,no,yes,no,no,no,no,no,no,no,no,no,no,yes,no,no,no,no,no
ERR033609,5,no,no,no,no,yes,yes,no,yes,no,yes,no,no,no,no,no,no,no,no,no,no,no,no,no,no,no,no,no,no,no,no,no,no,no,no,no,no,no,no,no,no,yes,no,no,no,no,no
ERR033610,4,no,no,no,no,no,yes,no,yes,no,yes,no,no,no,no,no,no,no,no,no,no,no,no,no,yes,no,no,no,no,no,no,no,no,no,no,no,no,no,no,no,no,no,no,no,no,no,no
ERR033611,5,no,no,no,no,no,yes,no,yes,no,yes,no,no,no,no,no,no,no,no,no,no,no,no,no,yes,no,no,no,no,no,no,no,no,no,no,no,no,no,no,no,no,yes,no,no,no,no,no
ERR033612,1,no,no,no,no,no,no,no,no,no,no,no,no,no,no,no,no,no,no,no,no,no,no,no,no,no,no,no,no,no,no,no,no,no,no,no,no,no,no,no,no,yes,no,no,no,no,no
ERR033613,5,no,no,no,no,no,yes,yes,yes,no,no,no,no,no,no,no,no,no,no,no,no,no,no,no,yes,no,no,no,no,no,no,no,no,no,no,no,no,no,no,no,no,yes,no,no,no,no,no
ERR033615,5,no,no,no,no,no,yes,no,yes,no,yes,no,no,no,no,no,no,no,no,no,no,no,no,no,no,no,no,no,no,no,yes,no,no,no,no,no,no,no,no,no,no,yes,no,no,no,no,no
ERR033616,2,no,no,no,no,no,no,no,no,no,no,no,no,no,no,no,no,no,no,no,no,no,no,no,no,no,no,no,yes,no,no,no,no,no,no,no,no,no,no,no,no,yes,no,no,no,no,no
ERR033617,2,no,no,no,no,no,no,no,no,no,no,no,no,no,no,no,no,no,no,no,no,no,no,no,yes,no,no,no,no,no,no,no,no,no,no,no,no,no,no,no,no,yes,no,no,no,no,no
ERR033618,5,no,no,no,no,no,yes,no,no,no,yes,no,no,no,no,no,no,no,no,no,yes,no,no,no,no,no,no,no,no,no,yes,no,no,no,no,no,no,no,no,no,no,yes,no,no,no,no,no
ERR033619,4,no,no,no,no,no,yes,no,no,no,yes,no,no,no,no,no,no,no,no,no,no,no,no,no,no,no,no,no,no,no,yes,no,no,no,no,no,no,no,no,no,no,yes,no,no,no,no,no
ERR033620,4,no,no,no,no,no,yes,no,no,no,yes,no,no,no,no,no,no,no,no,no,no,no,no,no,no,no,no,no,no,no,yes,no,no,no,no,no,no,no,no,no,no,yes,no,no,no,no,no
ERR033621,5,no,no,no,no,no,yes,no,yes,no,yes,no,no,no,no,no,no,no,no,no,no,no,no,no,no,no,no,no,no,no,yes,no,no,no,no,no,no,no,no,no,no,yes,no,no,no,no,no
ERR033622,4,no,no,no,no,no,yes,no,no,no,yes,no,no,no,no,no,no,no,no,no,no,no,no,no,no,no,no,no,no,no,yes,no,no,no,no,no,no,no,no,no,no,yes,no,no,no,no,no
ERR033623,5,no,no,no,no,no,yes,no,yes,no,yes,no,no,no,no,no,no,no,no,no,no,no,no,no,no,no,no,no,no,no,yes,no,no,no,no,no,no,no,no,no,no,yes,no,no,no,no,no
ERR033624,5,no,no,no,no,no,yes,no,yes,no,yes,no,no,no,no,no,no,no,no,no,no,no,no,no,no,no,no,no,no,no,yes,no,no,no,no,no,no,no,no,no,no,yes,no,no,no,no,no
ERR033625,5,no,no,no,no,no,yes,no,yes,no,yes,no,no,no,no,no,no,no,no,no,yes,no,no,no,no,no,no,no,no,no,yes,no,no,no,no,no,no,no,no,no,no,no,no,no,no,no,no
ERR033628,1,no,no,no,no,no,no,no,no,no,no,no,no,no,no,no,no,no,no,no,no,no,no,no,no,no,no,no,no,no,no,no,no,no,no,no,no,no,no,no,no,yes,no,no,no,no,no
ERR033629,1,no,no,no,no,no,no,no,no,no,no,no,no,no,no,no,no,no,no,no,no,no,no,no,no,no,no,no,no,no,no,no,no,no,no,no,no,no,no,no,no,yes,no,no,no,no,no
ERR033630,3,no,no,no,no,no,no,no,yes,no,yes,no,no,no,no,no,no,no,no,no,no,no,no,no,no,no,no,no,no,no,no,no,no,no,no,no,no,no,no,no,no,yes,no,no,no,no,no
ERR033631,6,no,no,no,no,no,yes,no,yes,no,yes,no,no,no,no,no,no,no,no,no,no,no,no,no,no,no,no,no,no,no,no,no,no,no,no,no,no,no,no,no,no,yes,yes,no,yes,no,no
ERR033632,5,no,no,no,no,no,yes,no,yes,no,yes,no,no,no,no,no,no,no,no,no,no,no,no,no,yes,no,no,no,no,no,no,no,no,no,no,no,no,no,no,no,no,yes,no,no,no,no,no
ERR033633,6,no,no,no,no,no,yes,no,yes,no,yes,no,no,no,no,no,no,no,no,no,no,no,no,no,no,no,no,no,no,no,no,no,no,no,no,no,no,no,no,no,no,yes,yes,no,yes,no,no
ERR033635,7,no,no,yes,no,no,yes,yes,yes,no,no,no,no,no,no,no,no,no,yes,no,no,no,no,no,yes,no,no,no,no,no,no,no,no,no,no,no,no,no,no,no,no,yes,no,no,no,no,no
ERR033636,10,yes,no,no,no,no,yes,no,yes,no,yes,no,yes,no,no,no,no,no,no,no,no,no,no,no,yes,no,no,no,no,no,yes,no,no,no,no,yes,no,no,yes,no,no,yes,no,no,no,no,no
ERR033637,5,no,no,no,no,no,yes,no,yes,no,yes,no,no,no,no,no,no,no,no,no,no,no,no,no,yes,no,no,no,no,no,no,no,no,no,no,no,no,no,no,no,no,yes,no,no,no,no,no
ERR033639,2,no,no,no,no,no,yes,no,no,no,no,no,no,no,no,no,no,no,no,no,no,no,no,no,no,no,no,no,no,no,no,no,no,no,no,no,no,no,no,no,no,yes,no,no,no,no,no
ERR033641,7,no,no,no,no,no,yes,no,yes,no,yes,no,no,no,no,no,no,no,no,no,yes,no,no,no,yes,no,no,no,no,no,yes,no,no,no,no,no,no,no,no,no,no,yes,no,no,no,no,no
ERR033642,12,yes,no,yes,no,no,yes,no,yes,no,yes,no,yes,no,no,no,no,no,yes,no,no,no,no,no,yes,no,no,no,no,no,yes,no,yes,no,yes,no,no,no,no,no,no,yes,no,no,no,no,no
ERR033643,4,no,no,no,no,no,yes,no,yes,no,yes,no,no,no,no,no,no,no,no,no,no,no,no,no,no,no,no,no,no,no,no,no,no,no,no,no,no,no,no,no,no,yes,no,no,no,no,no
ERR033644,6,no,no,yes,no,no,yes,no,yes,no,yes,no,no,no,no,no,no,no,yes,no,no,no,no,no,no,no,no,no,no,no,no,no,no,no,no,no,no,no,no,no,no,yes,no,no,no,no,no
ERR033645,2,no,no,no,no,no,yes,no,no,no,yes,no,no,no,no,no,no,no,no,no,no,no,no,no,no,no,no,no,no,no,no,no,no,no,no,no,no,no,no,no,no,no,no,no,no,no,no
ERR033646,12,yes,no,yes,no,no,yes,no,yes,no,yes,no,yes,no,no,no,no,no,yes,no,no,no,no,no,yes,no,no,no,no,no,yes,no,yes,no,yes,no,no,no,no,no,no,yes,no,no,no,no,no
ERR033647,2,no,no,no,no,no,no,no,no,no,no,no,no,no,no,no,no,no,no,no,no,no,no,no,yes,no,no,no,no,no,no,no,no,no,no,no,no,no,no,no,no,yes,no,no,no,no,no
ERR033648,5,no,no,no,no,no,yes,no,yes,no,yes,no,no,no,no,no,no,no,no,no,no,no,no,no,no,no,no,no,no,no,yes,no,no,no,no,no,no,no,no,no,no,yes,no,no,no,no,no
ERR033649,12,yes,no,yes,no,no,yes,no,yes,no,yes,no,yes,no,no,no,no,no,yes,no,no,no,no,no,yes,no,no,no,no,no,yes,no,yes,no,yes,no,no,no,no,no,no,yes,no,no,no,no,no
ERR033650,12,yes,no,yes,no,no,yes,no,yes,no,yes,no,yes,no,no,no,no,no,yes,no,no,no,no,no,yes,no,no,no,no,no,yes,no,yes,no,yes,no,no,no,no,no,no,yes,no,no,no,no,no
ERR033651,5,no,no,no,no,no,yes,no,yes,no,yes,no,no,no,no,no,no,no,no,no,no,no,no,no,yes,no,no,no,no,no,no,no,no,no,no,no,no,no,no,no,no,yes,no,no,no,no,no
ERR033652,5,no,no,no,no,no,yes,no,yes,no,yes,no,no,no,no,no,no,no,no,no,no,no,no,no,yes,no,no,no,no,no,no,no,no,no,no,no,no,no,no,no,no,yes,no,no,no,no,no
ERR033706,4,no,no,no,no,no,yes,no,yes,no,yes,no,no,no,no,no,no,no,no,no,no,no,no,no,no,no,no,no,no,no,no,no,no,no,no,no,no,no,no,no,no,yes,no,no,no,no,no
ERR033707,5,no,no,no,no,no,yes,no,no,no,yes,no,no,no,no,yes,no,no,no,no,no,no,no,no,yes,no,no,no,no,no,no,no,no,no,no,no,no,no,no,no,no,yes,no,no,no,no,no
ERR033710,9,yes,no,no,yes,no,yes,no,yes,no,yes,no,yes,no,no,no,no,no,no,no,no,no,no,no,yes,no,no,no,no,no,yes,no,no,no,no,no,no,no,no,no,no,yes,no,no,no,no,no
ERR033711,5,no,no,yes,no,no,yes,no,no,no,yes,no,no,no,no,no,no,no,yes,no,no,no,no,no,no,no,no,no,no,no,no,no,no,no,no,no,no,no,no,no,no,yes,no,no,no,no,no
ERR033712,4,no,no,no,no,no,yes,no,yes,no,yes,no,no,no,no,no,no,no,no,no,no,no,no,no,no,no,no,no,no,no,no,no,no,no,no,no,no,no,no,no,no,yes,no,no,no,no,no
ERR033713,2,no,no,no,no,no,no,no,no,no,no,no,no,no,no,no,no,no,no,no,no,no,no,no,yes,no,no,no,no,no,no,no,no,no,no,no,no,no,no,no,no,yes,no,no,no,no,no
ERR033714,4,no,no,no,no,no,yes,no,yes,no,yes,no,no,no,no,no,no,no,no,no,no,no,no,no,no,no,no,no,no,no,no,no,no,no,no,no,no,no,no,no,no,yes,no,no,no,no,no
ERR033715,12,yes,no,yes,no,no,yes,no,yes,no,yes,no,yes,no,no,no,no,no,yes,no,no,no,no,no,yes,no,no,no,no,no,yes,no,yes,no,yes,no,no,no,no,no,no,yes,no,no,no,no,no
ERR033717,2,no,no,no,no,no,no,no,no,no,no,no,no,no,no,no,no,no,no,no,no,no,no,no,yes,no,no,no,no,no,no,no,no,no,no,no,no,no,no,no,no,yes,no,no,no,no,no
ERR038658,5,no,no,no,no,no,yes,yes,yes,no,no,no,no,no,no,no,no,no,no,no,no,no,no,no,yes,no,no,no,no,no,no,no,no,no,no,no,no,no,no,no,no,yes,no,no,no,no,no
ERR038659,5,no,no,no,no,no,yes,yes,yes,no,no,no,no,no,no,no,no,no,no,no,no,no,no,no,yes,no,no,no,no,no,no,no,no,no,no,no,no,no,no,no,no,yes,no,no,no,no,no
ERR038660,4,no,no,no,no,no,yes,no,yes,no,yes,no,no,no,no,no,no,no,no,no,no,no,no,no,no,no,no,no,no,no,no,no,no,no,no,no,no,no,no,no,no,yes,no,no,no,no,no
ERR038661,9,yes,no,no,no,no,yes,no,yes,no,yes,no,yes,no,no,no,no,no,no,no,no,no,no,no,yes,no,no,no,yes,no,yes,no,no,no,no,no,no,no,no,no,no,yes,no,no,no,no,no
ERR038662,5,no,no,no,no,no,yes,yes,yes,no,no,no,no,no,no,no,no,no,no,no,no,no,no,no,yes,no,no,no,no,no,no,no,no,no,no,no,no,no,no,no,no,yes,no,no,no,no,no
ERR038663,5,no,no,no,no,no,yes,yes,yes,no,no,no,no,no,no,no,no,no,no,no,no,no,no,no,yes,no,no,no,no,no,no,no,no,no,no,no,no,no,no,no,no,yes,no,no,no,no,no
ERR038664,5,no,no,no,no,no,yes,no,yes,no,yes,no,no,no,no,no,no,no,no,no,no,no,no,no,yes,no,no,no,no,no,no,no,no,no,no,no,no,no,no,no,no,yes,no,no,no,no,no
ERR038665,5,no,no,no,no,no,yes,yes,yes,no,no,no,no,no,no,no,no,no,no,no,no,no,no,no,yes,no,no,no,no,no,no,no,no,no,no,no,no,no,no,no,no,yes,no,no,no,no,no
ERR038666,7,no,no,no,no,no,yes,no,yes,no,yes,no,no,no,no,no,no,no,no,no,yes,no,no,no,yes,no,no,no,no,no,yes,no,no,no,no,no,no,no,no,no,no,yes,no,no,no,no,no
ERR038667,8,no,no,no,no,no,yes,yes,yes,no,no,no,no,no,no,no,no,no,no,no,yes,no,no,no,yes,no,no,no,no,no,yes,no,no,no,no,no,no,no,no,no,no,yes,yes,no,no,no,no
ERR038668,7,no,no,yes,no,no,yes,yes,yes,no,no,no,no,no,no,no,no,no,yes,no,no,no,no,no,no,no,no,no,no,no,no,no,no,no,no,no,no,no,no,no,no,yes,no,no,yes,no,no
ERR038669,4,no,no,no,no,no,yes,no,yes,no,yes,no,no,no,no,no,no,no,no,no,no,no,no,no,no,no,no,no,no,no,no,no,no,no,no,no,no,no,no,no,no,yes,no,no,no,no,no
ERR038670,6,no,no,no,no,no,yes,no,yes,no,yes,no,no,no,no,no,no,no,no,no,yes,no,no,no,yes,no,no,no,no,no,no,no,no,no,no,no,no,no,no,no,no,yes,no,no,no,no,no
ERR038671,5,no,no,no,no,no,yes,yes,yes,no,no,no,no,no,no,no,no,no,no,no,no,no,no,no,yes,no,no,no,no,no,no,no,no,no,no,no,no,no,no,no,no,yes,no,no,no,no,no
ERR038672,5,no,no,no,no,no,yes,no,yes,no,yes,no,no,no,no,no,no,no,no,no,no,no,no,no,yes,no,no,no,no,no,no,no,no,no,no,no,no,no,no,no,no,yes,no,no,no,no,no
ERR038673,6,no,no,no,no,no,yes,yes,yes,no,no,no,no,no,no,no,no,no,no,no,yes,no,no,no,yes,no,no,no,no,no,no,no,no,no,no,no,no,no,no,no,no,yes,no,no,no,no,no
ERR038675,4,no,no,no,no,no,yes,no,yes,no,yes,no,no,no,no,no,no,no,no,no,no,no,no,no,no,no,no,no,no,no,no,no,no,no,no,no,no,no,no,no,no,yes,no,no,no,no,no
ERR038678,12,no,yes,yes,yes,yes,yes,yes,yes,no,no,no,no,no,no,no,no,no,yes,no,no,no,no,no,yes,no,no,no,no,no,yes,no,no,no,no,no,no,no,yes,no,no,yes,no,no,no,no,no
ERR038680,5,no,no,no,no,no,yes,no,yes,no,yes,no,no,no,no,no,no,no,no,no,no,no,no,no,yes,no,no,no,no,no,no,no,no,no,no,no,no,no,no,no,no,yes,no,no,no,no,no
ERR038681,16,no,no,yes,yes,yes,yes,yes,yes,no,no,no,no,no,no,yes,no,no,yes,no,yes,no,no,no,yes,no,no,no,no,no,yes,no,yes,no,yes,no,no,no,no,no,no,yes,yes,no,yes,no,no
ERR038682,5,no,no,no,no,no,yes,no,yes,no,yes,no,no,no,no,no,no,no,no,no,no,no,no,no,yes,no,no,no,no,no,no,no,no,no,no,no,no,no,no,no,no,yes,no,no,no,no,no
ERR038683,13,no,no,no,yes,yes,yes,yes,yes,no,no,no,no,no,no,no,no,no,no,no,no,no,no,no,yes,no,no,no,no,no,yes,no,yes,no,yes,no,no,no,yes,no,no,yes,yes,no,yes,no,no
ERR038685,7,no,no,yes,no,no,yes,yes,yes,no,no,no,no,no,no,no,no,no,yes,no,no,no,no,no,yes,no,no,no,no,no,no,no,no,no,no,no,no,no,no,no,no,yes,no,no,no,no,no
ERR038686,5,no,no,no,no,no,yes,yes,yes,no,no,no,no,no,no,no,no,no,no,no,no,no,no,no,no,no,no,no,no,no,yes,no,no,no,no,no,no,no,no,no,no,yes,no,no,no,no,no
ERR038689,4,no,no,no,no,no,yes,yes,yes,no,no,no,no,no,no,no,no,no,no,no,no,no,no,no,no,no,no,no,no,no,no,no,no,no,no,no,no,no,no,no,no,yes,no,no,no,no,no
ERR039388,2,no,no,no,no,no,no,no,no,no,no,no,no,no,no,no,no,no,no,no,no,no,no,no,yes,no,no,no,no,no,no,no,no,no,no,no,no,no,no,no,no,yes,no,no,no,no,no
ERR039389,5,no,no,no,no,no,yes,no,yes,no,yes,no,no,no,no,no,no,no,no,no,no,no,no,no,yes,no,no,no,no,no,no,no,no,no,no,no,no,no,no,no,no,yes,no,no,no,no,no
ERR039390,4,no,no,no,no,no,yes,no,yes,no,yes,no,no,no,no,no,no,no,no,no,no,no,no,no,no,no,no,no,no,no,no,no,no,no,no,no,no,no,no,no,no,yes,no,no,no,no,no
ERR039391,4,no,no,no,no,no,yes,no,yes,no,yes,no,no,no,no,no,no,no,no,no,no,no,no,no,no,no,no,no,no,no,no,no,no,no,no,no,no,no,no,no,no,yes,no,no,no,no,no
ERR039393,5,no,no,no,no,no,yes,no,yes,no,yes,no,no,no,no,no,no,no,no,no,no,no,no,no,yes,no,no,no,no,no,no,no,no,no,no,no,no,no,no,no,no,yes,no,no,no,no,no
ERR039396,4,no,no,no,no,yes,no,no,no,no,yes,no,no,no,no,no,no,no,no,no,no,no,no,no,yes,no,no,no,no,no,no,no,no,no,no,no,no,no,no,no,no,yes,no,no,no,no,no
ERR039397,4,no,no,no,no,no,yes,no,yes,no,yes,no,no,no,no,no,no,no,no,no,no,no,no,no,no,no,no,no,no,no,no,no,no,no,no,no,no,no,no,no,no,yes,no,no,no,no,no
ERR039398,5,no,no,no,no,no,yes,no,yes,no,yes,no,no,no,no,no,no,no,no,no,no,no,no,no,yes,no,no,no,no,no,no,no,no,no,no,no,no,no,no,no,no,yes,no,no,no,no,no
ERR045842,6,no,no,no,no,no,yes,no,yes,no,yes,no,no,no,no,no,no,no,no,no,yes,no,no,no,no,no,no,no,no,no,yes,no,no,no,no,no,no,no,no,no,no,yes,no,no,no,no,no
ERR045843,5,no,no,no,no,no,yes,yes,yes,no,no,no,no,no,no,no,no,no,no,no,no,no,no,no,yes,no,no,no,no,no,no,no,no,no,no,no,no,no,no,no,no,yes,no,no,no,no,no
ERR045844,5,no,no,no,no,no,yes,yes,yes,no,no,no,no,no,no,no,no,no,no,no,no,no,no,no,yes,no,no,no,no,no,no,no,no,no,no,no,no,no,no,no,no,yes,no,no,no,no,no
ERR084604,4,no,no,no,no,no,yes,no,no,no,yes,no,no,no,no,no,no,no,no,no,no,no,no,no,no,no,no,no,no,no,yes,no,no,no,no,no,no,no,no,no,no,yes,no,no,no,no,no
ERR084607,6,no,no,yes,no,no,yes,no,yes,no,yes,no,no,no,no,no,no,no,yes,no,no,no,no,no,no,no,no,no,no,no,no,no,no,no,no,no,no,no,no,no,no,yes,no,no,no,no,no
ERR084609,4,no,no,no,no,no,yes,no,yes,no,yes,no,no,no,no,no,no,no,no,no,no,no,no,no,no,no,no,no,no,no,no,no,no,no,no,no,no,no,no,no,no,yes,no,no,no,no,no
ERR084610,9,no,no,no,no,no,no,no,yes,no,yes,no,no,yes,no,no,no,no,no,no,no,no,no,no,yes,no,no,yes,no,no,no,no,no,no,no,no,yes,yes,no,no,no,yes,yes,no,no,no,no
ERR084611,5,no,no,no,no,no,yes,no,yes,no,yes,no,no,no,no,no,no,no,no,no,no,no,no,no,no,no,no,no,yes,no,no,no,no,no,no,no,no,no,no,no,no,no,yes,no,no,no,no
ERR084614,2,no,no,no,no,no,no,no,no,no,no,no,no,no,no,no,no,no,no,no,no,no,no,no,no,no,no,no,no,yes,no,no,no,no,no,no,no,no,no,no,no,yes,no,no,no,no,no
ERR084615,5,no,no,no,no,no,yes,no,yes,no,yes,no,no,no,no,no,no,no,no,no,no,no,no,no,no,no,no,no,no,no,no,no,no,no,no,no,no,no,no,no,yes,yes,no,no,no,no,no
ERR084616,1,no,no,no,no,no,no,no,no,no,no,no,no,no,no,no,no,no,no,no,no,no,no,no,no,no,no,no,no,no,no,no,no,no,no,no,no,no,no,no,no,yes,no,no,no,no,no
ERR084618,1,no,no,no,no,no,no,no,no,no,no,no,no,no,no,no,no,no,no,no,no,no,no,no,no,no,no,no,no,no,no,no,no,no,no,no,no,no,no,no,no,yes,no,no,no,no,no
ERR084635,5,no,no,no,no,no,yes,no,yes,no,yes,no,no,no,no,no,no,no,no,no,yes,no,no,no,no,no,no,no,no,no,no,no,no,no,no,no,no,no,no,no,no,yes,no,no,no,no,no
ERR084636,5,no,no,no,no,no,yes,yes,yes,no,no,no,no,no,no,no,no,no,no,no,no,no,no,no,yes,no,no,no,no,no,no,no,no,no,no,no,no,no,no,no,no,yes,no,no,no,no,no
ERR084637,4,no,no,no,no,no,yes,no,no,no,no,no,no,no,no,no,no,yes,no,no,no,no,no,no,yes,no,no,no,no,no,no,no,no,no,no,no,no,no,no,no,no,yes,no,no,no,no,no
ERR084727,4,no,no,no,no,no,no,no,no,no,no,yes,no,no,no,no,no,no,no,no,no,no,no,no,no,no,no,no,no,no,no,yes,no,yes,no,no,no,no,no,no,no,yes,no,no,no,no,no
ERR084730,4,no,no,no,no,no,no,no,no,no,no,yes,no,no,no,no,no,no,no,no,no,no,no,no,no,no,no,no,no,no,no,yes,no,yes,no,no,no,no,no,no,no,yes,no,no,no,no,no
ERR084731,4,no,no,no,no,no,no,no,no,no,no,yes,no,no,no,no,no,no,no,no,no,no,no,no,no,no,no,no,no,no,no,yes,no,yes,no,no,no,no,no,no,no,yes,no,no,no,no,no
ERR084734,4,no,no,no,no,no,no,no,no,no,no,yes,no,no,no,no,no,no,no,no,no,no,no,no,no,no,no,no,no,no,no,yes,no,yes,no,no,no,no,no,no,no,yes,no,no,no,no,no
ERR084753,4,no,no,no,no,no,no,no,no,no,no,yes,no,no,no,no,no,no,no,no,no,no,no,no,no,no,no,no,no,no,no,yes,no,yes,no,no,no,no,no,no,no,yes,no,no,no,no,no
ERR084755,4,no,no,no,no,no,no,no,no,no,no,yes,no,no,no,no,no,no,no,no,no,no,no,no,no,no,no,no,no,no,no,yes,no,yes,no,no,no,no,no,no,no,yes,no,no,no,no,no
ERR084757,4,no,no,no,no,no,no,no,no,no,no,yes,no,no,no,no,no,no,no,no,no,no,no,no,no,no,no,no,no,no,no,yes,no,yes,no,no,no,no,no,no,no,yes,no,no,no,no,no
ERR114861,6,no,no,no,yes,no,yes,no,yes,no,yes,no,no,no,no,no,no,no,no,no,no,no,no,no,yes,no,no,no,no,no,no,no,no,no,no,no,no,no,no,no,no,yes,no,no,no,no,no
ERR144809,1,no,no,no,no,no,no,no,no,no,no,no,no,no,no,no,no,no,no,no,no,no,no,no,no,no,no,no,no,no,no,no,no,no,no,no,no,no,no,no,no,yes,no,no,no,no,no
ERR144823,3,no,no,no,no,no,yes,no,yes,no,yes,no,no,no,no,no,no,no,no,no,no,no,no,no,no,no,no,no,no,no,no,no,no,no,no,no,no,no,no,no,no,no,no,no,no,no,no
ERR144824,2,no,no,no,no,no,yes,no,no,no,no,no,no,no,no,no,no,no,no,no,no,no,no,no,no,no,no,no,no,no,no,no,no,no,no,no,no,no,no,no,no,yes,no,no,no,no,no
ERR144827,1,no,no,no,no,no,no,no,no,no,no,no,no,no,no,no,no,no,no,no,no,no,no,no,no,no,no,no,no,no,yes,no,no,no,no,no,no,no,no,no,no,no,no,no,no,no,no
ERR144831,4,no,no,no,no,no,yes,yes,no,no,no,no,no,no,no,no,no,no,no,no,no,no,no,no,yes,no,no,no,no,no,no,no,no,no,no,no,no,no,no,no,no,yes,no,no,no,no,no
ERR156334,11,yes,no,no,yes,no,yes,no,yes,no,yes,no,no,no,no,no,yes,no,no,no,no,yes,no,no,no,no,no,no,no,no,yes,no,no,no,no,no,no,no,no,no,no,yes,no,yes,yes,no,no
ERR156335,8,no,no,no,no,no,yes,no,yes,no,yes,no,no,no,no,no,no,no,no,no,no,no,no,no,yes,no,no,no,no,no,yes,no,no,yes,no,no,no,no,no,no,no,yes,yes,no,no,no,no
ERR156340,8,no,no,no,no,no,yes,no,yes,no,yes,no,no,no,no,no,no,no,no,no,no,no,no,no,yes,no,no,no,no,no,yes,no,no,no,no,yes,yes,no,no,no,no,yes,no,no,no,no,no
ERR156379,4,no,no,no,no,no,no,no,no,no,no,yes,no,no,no,no,no,no,no,no,no,no,no,no,no,no,no,no,no,no,no,yes,no,yes,no,no,no,no,no,no,no,yes,no,no,no,no,no
ERR156384,4,no,no,no,no,no,no,no,no,no,no,yes,no,no,no,no,no,no,no,no,no,no,no,no,no,no,no,no,no,no,no,yes,no,yes,no,no,no,no,no,no,no,yes,no,no,no,no,no
ERR156400,5,no,no,no,no,no,no,no,no,no,no,yes,no,no,no,no,no,no,no,no,no,no,no,no,yes,no,no,no,no,no,no,yes,no,yes,no,no,no,no,no,no,no,yes,no,no,no,no,no
ERR156415,4,no,no,no,no,no,no,no,no,no,no,yes,no,no,no,no,no,no,no,no,no,no,no,no,no,no,no,no,no,no,no,yes,no,yes,no,no,no,no,no,no,no,yes,no,no,no,no,no
ERR156423,1,no,no,no,no,no,no,no,no,no,no,no,no,no,no,no,no,no,no,no,no,no,no,no,no,no,no,no,no,no,no,no,no,no,no,no,no,no,no,no,no,yes,no,no,no,no,no
ERR156425,2,no,no,no,no,no,no,no,no,no,no,no,no,no,no,no,no,no,no,no,no,no,no,no,yes,no,no,no,no,no,no,no,no,no,no,no,no,no,no,no,no,yes,no,no,no,no,no
ERR163372,4,no,no,no,no,no,yes,yes,yes,no,no,no,no,no,no,no,no,no,no,no,no,no,no,no,no,no,no,no,no,no,no,no,no,no,no,no,no,no,no,no,no,yes,no,no,no,no,no
ERR163398,1,no,no,no,no,no,no,no,no,no,no,no,no,no,no,no,no,no,no,no,no,no,no,no,no,no,no,no,no,no,no,no,no,no,no,no,no,no,no,no,no,yes,no,no,no,no,no
ERR163404,2,no,no,no,no,no,no,no,no,no,no,no,no,yes,no,no,no,no,no,no,no,no,no,no,no,no,no,no,no,no,no,no,no,no,no,no,no,no,no,no,no,yes,no,no,no,no,no
ERR163406,1,no,no,no,no,no,no,no,no,no,no,no,no,no,no,no,no,no,no,no,no,no,no,no,no,no,no,no,no,no,no,no,no,no,no,no,no,no,no,no,no,yes,no,no,no,no,no
ERR163408,1,no,no,no,no,no,no,no,no,no,no,no,no,no,no,no,no,no,no,no,no,no,no,no,no,no,no,no,no,no,no,no,no,no,no,no,no,no,no,no,no,yes,no,no,no,no,no
ERR163414,1,no,no,no,no,no,no,no,no,no,no,no,no,no,no,no,no,no,no,no,no,no,no,no,no,no,no,no,no,no,no,no,no,no,no,no,no,no,no,no,no,yes,no,no,no,no,no
ERR163417,2,no,no,no,no,no,no,no,no,no,no,no,no,no,no,no,no,no,no,no,no,no,no,no,yes,no,no,no,no,no,no,no,no,no,no,no,no,no,no,no,no,yes,no,no,no,no,no
ERR163418,2,no,no,no,no,no,no,no,no,no,no,no,no,no,no,no,no,no,no,no,no,no,no,no,yes,no,no,no,no,no,no,no,no,no,no,no,no,no,no,no,no,yes,no,no,no,no,no
ERR163423,4,no,no,no,no,no,yes,yes,yes,no,no,no,no,no,no,no,no,no,no,no,no,no,no,no,no,no,no,no,no,no,no,no,no,no,no,no,no,no,no,no,no,yes,no,no,no,no,no
ERR163434,7,no,no,no,no,no,yes,yes,no,no,no,yes,no,no,no,no,no,no,no,no,no,no,no,no,no,no,no,no,no,no,no,yes,no,yes,no,no,no,no,no,no,yes,yes,no,no,no,no,no
ERR163442,4,no,no,no,no,no,no,no,no,no,no,yes,no,no,no,no,no,no,no,no,no,no,no,no,no,no,no,no,no,no,no,yes,no,yes,no,no,no,no,no,no,no,yes,no,no,no,no,no
ERR163449,1,no,no,no,no,no,no,no,no,no,no,no,no,no,no,no,no,no,no,no,no,no,no,no,no,no,no,no,no,no,no,no,no,no,no,no,no,no,no,no,no,yes,no,no,no,no,no
ERR175852,2,no,no,no,no,no,no,no,no,no,no,no,no,no,no,no,no,no,no,no,yes,no,no,no,no,no,no,no,no,no,no,no,no,no,no,no,no,no,no,no,no,yes,no,no,no,no,no
ERR175874,2,no,no,no,no,no,no,no,no,no,no,no,no,no,no,no,no,no,no,no,no,no,no,no,no,no,no,no,no,no,no,no,no,yes,no,no,no,no,no,no,no,yes,no,no,no,no,no
ERR175881,3,no,no,no,no,no,yes,no,no,no,yes,no,no,no,no,no,no,no,no,no,no,no,no,no,no,no,no,no,no,no,no,no,no,no,no,no,no,no,no,no,no,yes,no,no,no,no,no
ERR175882,4,no,no,no,no,no,yes,no,yes,no,yes,no,no,no,no,no,no,no,no,no,no,no,no,no,no,no,no,no,no,no,no,no,no,no,no,no,no,no,no,no,no,yes,no,no,no,no,no
ERR175892,4,no,no,no,no,no,yes,no,yes,no,yes,no,no,no,no,no,no,no,no,no,no,no,no,no,no,no,no,no,no,no,no,no,no,no,no,no,no,no,no,no,no,yes,no,no,no,no,no
ERR175899,5,no,no,no,no,no,yes,no,yes,no,yes,no,no,no,no,no,no,no,no,no,no,no,no,no,yes,no,no,no,no,no,no,no,no,no,no,no,no,no,no,no,no,yes,no,no,no,no,no
ERR175902,1,no,no,no,no,no,no,no,no,no,no,no,no,no,no,no,no,no,no,no,no,no,no,no,no,no,no,no,no,no,no,no,no,no,no,no,no,no,no,no,no,yes,no,no,no,no,no
ERR1801378,1,no,no,no,no,no,no,no,no,no,no,no,no,no,no,no,no,no,no,no,no,no,no,no,no,no,no,no,no,no,no,no,no,no,no,no,no,no,no,no,no,no,yes,no,no,no,no
ERR1801387,1,no,no,no,no,no,no,no,no,no,no,no,no,no,no,no,no,no,no,no,no,no,no,no,no,no,no,no,no,no,no,no,no,no,no,no,no,no,no,no,no,no,no,yes,no,no,no
ERR1801389,1,no,no,no,no,no,no,no,no,no,no,no,no,no,no,no,no,no,no,no,no,no,no,no,no,no,no,no,no,no,no,no,no,no,no,no,no,no,no,no,no,no,yes,no,no,no,no
ERR1801396,1,no,no,no,no,no,no,no,no,no,no,no,no,no,no,no,no,no,no,no,no,no,no,no,no,no,no,no,no,no,no,no,no,no,no,no,no,no,no,no,no,no,yes,no,no,no,no
ERR1801398,2,no,no,no,no,no,no,no,no,no,no,no,no,no,no,no,no,no,no,no,yes,no,no,no,no,no,no,no,no,no,no,no,no,no,no,no,no,no,no,no,no,no,yes,no,no,no,no
ERR1801399,1,no,no,no,no,no,no,no,no,no,no,no,no,no,no,no,no,no,no,no,no,no,no,no,no,no,no,no,no,no,no,no,no,no,no,no,no,no,no,no,no,no,yes,no,no,no,no
ERR1801400,2,no,no,no,no,no,no,no,no,no,no,no,no,no,no,no,no,no,no,no,no,no,no,no,yes,no,no,no,no,no,no,no,no,no,no,no,no,no,no,no,no,yes,no,no,no,no,no
ERR1801401,5,no,no,no,no,no,yes,no,yes,no,yes,no,no,no,no,no,no,no,no,no,no,no,no,no,yes,no,no,no,no,no,no,no,no,no,no,no,no,no,no,no,no,yes,no,no,no,no,no
ERR211634,1,no,no,no,no,no,no,no,no,no,no,no,no,no,no,no,no,no,no,no,no,no,no,no,no,no,no,no,no,no,no,no,no,no,no,no,no,no,no,no,no,yes,no,no,no,no,no
ERR211686,4,no,no,no,no,no,yes,no,yes,no,yes,no,no,no,no,no,no,no,no,no,no,no,no,no,no,no,no,no,no,no,no,no,no,no,no,no,no,no,no,no,no,yes,no,no,no,no,no
ERR211695,8,no,no,no,no,no,yes,no,yes,no,yes,no,no,no,no,no,no,no,no,no,no,no,no,no,yes,no,no,no,yes,no,no,no,no,no,no,no,no,no,no,no,yes,yes,yes,no,no,no,no
ERR227480,8,no,no,no,no,no,yes,yes,yes,no,no,no,no,no,no,no,no,no,no,no,no,no,no,no,no,no,no,no,no,no,yes,no,no,no,no,no,no,no,no,no,no,yes,yes,no,yes,yes,no
ERR227490,1,no,no,no,no,no,no,no,no,no,no,no,no,no,no,no,no,no,no,no,no,no,no,no,no,no,no,no,no,no,no,no,no,no,no,no,no,no,no,no,no,yes,no,no,no,no,no
ERR227491,1,no,no,no,no,no,no,no,no,no,no,no,no,no,no,no,no,no,no,no,no,no,no,no,no,no,no,no,no,no,no,no,no,no,no,no,no,no,no,no,no,yes,no,no,no,no,no
ERR227517,4,no,no,no,no,no,yes,no,yes,no,yes,no,no,no,no,no,no,no,no,no,no,no,no,no,no,no,no,no,no,no,no,no,no,no,no,no,no,no,no,no,no,yes,no,no,no,no,no
ERR227518,4,no,no,no,no,no,yes,no,yes,no,yes,no,no,no,no,no,no,no,no,no,no,no,no,no,no,no,no,no,no,no,no,no,no,no,no,no,no,no,no,no,no,yes,no,no,no,no,no
ERR227529,1,no,no,no,no,no,no,no,no,no,no,no,no,no,no,no,no,no,no,no,no,no,no,no,no,no,no,no,no,no,no,no,no,no,no,no,no,no,no,no,no,yes,no,no,no,no,no
ERR227536,4,no,no,no,no,no,yes,no,yes,no,yes,no,no,no,no,no,no,no,no,no,no,no,no,no,no,no,no,no,no,no,no,no,no,no,no,no,no,no,no,no,no,yes,no,no,no,no,no
ERR227551,4,no,no,no,no,no,yes,no,yes,no,yes,no,no,no,no,no,no,no,no,no,no,no,no,no,no,no,no,no,no,no,no,no,no,no,no,no,no,no,no,no,no,yes,no,no,no,no,no
ERR227571,5,no,no,no,no,no,yes,no,no,yes,yes,no,no,no,no,no,no,no,no,no,no,no,no,no,no,no,no,no,no,no,yes,no,no,no,no,no,no,no,no,no,no,yes,no,no,no,no,no
ERR227578,6,no,no,no,no,no,yes,no,no,yes,yes,no,no,no,no,no,no,no,no,no,yes,no,no,no,no,no,no,no,no,no,yes,no,no,no,no,no,no,no,no,no,no,yes,no,no,no,no,no
ERR227592,5,no,no,no,no,no,yes,no,no,yes,yes,no,no,no,no,no,no,no,no,no,no,no,no,no,no,no,no,no,no,no,yes,no,no,no,no,no,no,no,no,no,no,yes,no,no,no,no,no
ERR227594,3,no,no,no,no,no,no,no,no,no,no,no,no,no,no,no,no,no,no,no,yes,no,no,no,no,no,no,no,no,no,yes,no,no,no,no,no,no,no,no,no,no,yes,no,no,no,no,no
ERR227605,1,no,no,no,no,no,no,no,no,no,no,no,no,no,no,no,no,no,no,no,no,no,no,no,no,no,no,no,no,no,no,no,no,no,no,no,no,no,no,no,no,yes,no,no,no,no,no
ERR227609,4,no,no,no,no,no,yes,no,yes,no,yes,no,no,no,no,no,no,no,no,no,no,no,no,no,no,no,no,no,no,no,no,no,no,no,no,no,no,no,no,no,no,yes,no,no,no,no,no
ERR227615,1,no,no,no,no,no,no,no,no,no,no,no,no,no,no,no,no,no,no,no,no,no,no,no,no,no,no,no,no,no,no,no,no,no,no,no,no,no,no,no,no,yes,no,no,no,no,no
ERR227623,4,no,no,no,no,no,yes,no,yes,no,yes,no,no,no,no,no,no,no,no,no,no,no,no,no,no,no,no,no,no,no,no,no,no,no,no,no,no,no,no,no,no,yes,no,no,no,no,no
ERR227625,1,no,no,no,no,no,no,no,no,no,no,no,no,no,no,no,no,no,no,no,no,no,no,no,no,no,no,no,no,no,no,no,no,no,no,no,no,no,no,no,no,yes,no,no,no,no,no
ERR227632,4,no,no,no,no,no,yes,no,yes,no,yes,no,no,no,no,no,no,no,no,no,no,no,no,no,no,no,no,no,no,no,no,no,no,no,no,no,no,no,no,no,no,yes,no,no,no,no,no
ERR227637,4,no,no,no,no,no,yes,no,yes,no,yes,no,no,no,no,no,no,no,no,no,no,no,no,no,no,no,no,no,no,no,no,no,no,no,no,no,no,no,no,no,no,yes,no,no,no,no,no
ERR227651,4,no,no,no,no,no,yes,no,yes,no,yes,no,no,no,no,no,no,no,no,no,no,no,no,no,no,no,no,no,no,no,no,no,no,no,no,no,no,no,no,no,no,yes,no,no,no,no,no
ERR234879,7,no,no,no,no,no,yes,no,yes,no,yes,no,no,no,no,no,no,no,no,no,no,no,no,no,yes,no,no,no,yes,no,yes,no,no,no,no,no,no,no,no,no,no,yes,no,no,no,no,no
ERR234884,5,no,no,no,no,no,yes,no,yes,no,yes,no,no,no,no,no,no,no,no,no,no,no,no,no,no,no,no,no,no,no,yes,no,no,no,no,no,no,no,no,no,no,yes,no,no,no,no,no
ERR237558,3,no,no,no,no,no,yes,no,no,no,no,no,no,no,no,no,no,no,no,no,no,yes,no,no,no,no,no,no,no,no,no,no,no,no,no,no,no,no,no,no,no,yes,no,no,no,no,no
ERR237566,6,no,no,no,no,no,yes,no,yes,no,yes,no,no,no,no,no,no,no,no,no,yes,no,no,no,yes,no,no,no,no,no,no,no,no,no,no,no,no,no,no,no,no,yes,no,no,no,no,no
ERR237574,6,no,no,yes,no,no,yes,no,yes,no,yes,no,no,no,no,no,no,no,yes,no,no,no,no,no,no,no,no,no,no,no,no,no,no,no,no,no,no,no,no,no,no,yes,no,no,no,no,no
ERR237611,7,yes,no,no,yes,no,yes,no,yes,no,yes,no,no,no,no,no,no,yes,no,no,no,no,no,no,no,no,no,no,no,no,no,no,no,no,no,no,no,no,no,no,no,yes,no,no,no,no,no
ERR237613,6,no,no,no,no,no,yes,yes,yes,no,no,no,no,no,no,no,no,no,no,no,yes,no,no,no,yes,no,no,no,no,no,no,no,no,no,no,no,no,no,no,no,no,yes,no,no,no,no,no
ERR237614,8,no,no,no,yes,no,yes,no,yes,no,no,no,no,no,no,no,no,no,no,no,yes,no,no,no,yes,no,no,no,no,no,yes,no,no,no,no,no,no,no,no,no,no,yes,no,no,yes,no,no
ERR237618,15,no,no,yes,yes,no,yes,yes,yes,no,no,no,no,no,no,no,no,yes,yes,no,yes,no,no,no,yes,no,no,no,yes,no,yes,no,yes,no,yes,no,no,yes,no,no,no,yes,no,no,no,no,no
ERR237620,1,no,no,no,no,no,no,no,no,no,no,no,no,no,no,no,no,no,no,no,no,no,no,no,no,no,no,no,no,no,no,no,no,no,no,no,no,no,no,no,no,yes,no,no,no,no,no
ERR237622,1,no,no,no,no,no,no,no,no,no,no,no,no,no,no,no,no,no,no,no,no,no,no,no,no,no,no,no,no,no,no,no,no,no,no,no,no,no,no,no,no,yes,no,no,no,no,no
ERR237623,1,no,no,no,no,no,no,no,no,no,no,no,no,no,no,no,no,no,no,no,no,no,no,no,no,no,no,no,no,no,no,no,no,no,no,no,no,no,no,no,no,yes,no,no,no,no,no
ERR246607,2,no,no,no,no,no,no,no,no,no,no,no,no,no,no,no,no,no,no,no,no,no,no,no,yes,no,no,no,no,no,no,no,no,no,no,no,no,no,no,no,no,yes,no,no,no,no,no
ERR246622,1,no,no,no,no,no,no,no,no,no,no,no,no,no,no,no,no,no,no,no,no,no,no,no,no,no,no,no,no,no,no,no,no,no,no,no,no,no,no,no,no,yes,no,no,no,no,no
ERR246635,2,no,no,no,no,no,no,no,no,no,no,no,no,no,no,no,no,no,no,no,no,no,no,no,no,no,no,no,no,no,no,no,no,no,no,no,no,no,no,no,no,yes,no,yes,no,no,no
ERR246655,2,no,no,no,no,no,no,no,no,no,no,no,no,no,no,no,no,no,no,no,no,no,no,no,yes,no,no,no,no,no,no,no,no,no,no,no,no,no,no,no,no,yes,no,no,no,no,no
ERR246664,4,no,no,no,no,no,yes,no,yes,no,yes,no,no,no,no,no,no,no,no,no,no,no,no,no,no,no,no,no,no,no,no,no,no,no,no,no,no,no,no,no,no,yes,no,no,no,no,no
ERR276883,1,no,no,no,no,no,no,no,no,no,no,no,no,no,no,no,no,no,no,no,no,no,no,no,no,no,no,no,no,no,no,no,no,no,no,no,no,no,no,no,no,yes,no,no,no,no,no
ERR276884,6,no,no,no,no,no,yes,no,yes,no,yes,no,no,no,no,no,no,no,no,no,no,no,no,no,no,no,no,no,no,no,yes,no,no,no,no,no,no,no,no,no,no,yes,yes,no,no,no,no
ERR276885,6,no,no,no,yes,no,yes,no,yes,no,yes,no,no,no,no,no,no,no,no,no,no,no,no,no,no,no,no,no,no,no,yes,no,no,no,no,no,no,no,no,no,no,yes,no,no,no,no,no
ERR276886,8,no,no,no,yes,no,yes,no,yes,no,yes,no,no,no,no,no,no,no,no,no,no,no,no,no,no,no,no,no,yes,no,yes,no,no,no,no,no,no,no,no,no,no,yes,yes,no,no,no,no
ERR294311,4,no,no,no,no,no,no,no,no,no,no,yes,no,no,no,no,no,no,no,no,no,no,no,no,no,no,no,no,no,no,no,yes,no,yes,no,no,no,no,no,no,no,yes,no,no,no,no,no
ERR294319,6,no,no,no,no,no,yes,no,yes,no,yes,no,no,no,no,no,no,no,no,no,no,no,no,no,no,no,no,no,no,no,yes,no,no,no,no,no,no,no,no,no,no,yes,yes,no,no,no,no
ERR294325,1,no,no,no,no,no,no,no,no,no,no,no,no,no,no,no,no,no,no,no,no,no,no,no,no,no,no,no,no,no,no,no,no,no,no,no,no,no,no,no,no,yes,no,no,no,no,no
ERR294337,1,no,no,no,no,no,no,no,no,no,no,no,no,no,no,no,no,no,no,no,no,no,no,no,no,no,no,no,no,no,no,no,no,no,no,no,no,no,no,no,no,no,yes,no,no,no,no
ERR294339,5,no,no,no,no,no,yes,no,yes,no,yes,no,no,no,no,no,no,no,no,no,no,no,no,no,no,no,no,no,no,yes,no,no,no,no,no,no,no,no,no,no,no,yes,no,no,no,no,no
ERR294340,6,no,no,no,no,no,yes,no,yes,no,yes,no,no,no,no,yes,no,no,no,no,no,no,no,no,yes,no,no,no,no,no,no,no,no,no,no,no,no,no,no,no,no,yes,no,no,no,no,no
ERR294356,3,no,no,no,no,no,no,no,no,no,no,no,no,no,no,no,no,no,no,no,no,no,no,no,yes,no,no,no,no,no,no,no,no,no,no,no,no,no,no,yes,no,yes,no,no,no,no,no
ERR294357,1,no,no,no,no,no,no,no,no,no,no,no,no,no,no,no,no,no,no,no,no,no,no,no,no,no,no,no,no,no,no,no,no,no,no,no,no,no,no,no,no,no,yes,no,no,no,no
ERR294358,8,no,no,no,no,no,yes,no,yes,no,yes,no,no,no,no,no,no,no,no,no,no,no,no,no,yes,no,no,no,no,yes,no,no,yes,no,no,no,no,no,no,yes,no,yes,no,no,no,no,no
ERR294360,14,yes,no,yes,yes,no,yes,no,yes,no,yes,no,yes,no,no,no,no,no,yes,no,no,no,no,no,yes,no,no,no,no,no,yes,no,yes,no,yes,no,no,no,no,yes,no,yes,no,no,no,no,no
ERR294363,1,no,no,no,no,no,no,no,no,no,no,no,no,no,no,no,no,no,no,no,no,no,no,no,no,no,no,no,no,no,no,no,no,no,no,no,no,no,no,no,no,yes,no,no,no,no,no
ERR310930,4,no,no,no,no,no,yes,no,yes,no,yes,no,no,no,no,no,no,no,no,no,no,no,no,no,no,no,no,no,no,no,no,no,no,no,no,no,no,no,no,no,no,yes,no,no,no,no,no
ERR387076,4,no,no,no,no,no,no,no,no,no,no,yes,no,no,no,no,no,no,no,no,no,no,no,no,no,no,no,no,no,no,no,yes,no,yes,no,no,no,no,no,no,no,yes,no,no,no,no,no
ERR387083,9,yes,no,yes,no,no,no,no,no,no,no,no,yes,no,no,no,no,no,yes,no,no,no,no,no,yes,no,no,no,no,no,yes,no,yes,no,yes,no,no,no,no,no,no,yes,no,no,no,no,no
ERR387101,2,no,no,no,no,no,no,no,no,no,no,no,no,no,no,no,no,no,no,no,no,no,no,no,no,no,no,no,no,no,no,no,no,no,no,no,no,no,no,no,no,yes,no,no,yes,no,no
ERR387105,1,no,no,no,no,no,no,no,no,no,no,no,no,no,no,no,no,no,no,no,no,no,no,no,no,no,no,no,no,no,no,no,no,no,no,no,no,no,no,no,no,yes,no,no,no,no,no
ERR387119,1,no,no,no,no,no,no,no,no,no,no,no,no,no,no,no,no,no,no,no,no,no,no,no,no,no,no,no,no,no,no,no,no,no,no,no,no,no,no,no,no,yes,no,no,no,no,no
ERR387170,4,no,no,no,no,no,no,no,no,no,no,yes,no,no,no,no,no,no,no,no,no,no,no,no,no,no,no,no,no,no,no,yes,no,yes,no,no,no,no,no,no,no,yes,no,no,no,no,no
ERR387187,4,no,no,no,no,no,no,no,no,no,no,yes,no,no,no,no,no,no,no,no,no,no,no,no,no,no,no,no,no,no,no,yes,no,yes,no,no,no,no,no,no,no,yes,no,no,no,no,no
ERR387213,5,no,no,no,no,no,yes,no,yes,no,yes,no,no,no,no,no,no,no,no,no,no,no,no,no,no,no,no,no,no,no,no,no,no,no,no,no,no,no,no,no,yes,yes,no,no,no,no,no
ERR387219,1,no,no,no,no,no,no,no,no,no,no,no,no,no,no,no,no,no,no,no,no,no,no,no,no,no,no,no,no,no,no,no,no,no,no,no,no,no,no,no,no,yes,no,no,no,no,no
ERR387226,1,no,no,no,no,no,no,no,no,no,no,no,no,no,no,no,no,no,no,no,no,no,no,no,no,no,no,no,no,no,no,no,no,no,no,no,no,no,no,no,no,yes,no,no,no,no,no
ERR387230,5,no,no,no,no,no,yes,no,yes,no,yes,no,no,no,no,no,no,no,no,no,no,no,no,no,yes,no,no,no,no,no,no,no,no,no,no,no,no,no,no,no,no,yes,no,no,no,no,no